gene_id	gene_name
KLMA_10001	TY2B-GR2
KLMA_10004	Nqo2
KLMA_10005	BIO5
KLMA_10006	BIO4
KLMA_10007	BIO3
KLMA_10008	ARN2
KLMA_10010	ARN2
KLMA_10011	FEN2
KLMA_10014	MATALPHA1
KLMA_10015	HMLALPHA2
KLMA_10016	HMLALPHA3
KLMA_10018	CHA1
KLMA_10020	VAC17
KLMA_10021	MRC1
KLMA_10022	KRR1
KLMA_10024	MOS1
KLMA_10025	PRD1
KLMA_10029	KAR4
KLMA_10031	SPB1
KLMA_10032	PBN1
KLMA_10033	LRE1
KLMA_10034	QCR7
KLMA_10035	APA2
KLMA_10036	CAB1
KLMA_10037	KRE28
KLMA_10038	RBA50
KLMA_10043	SPS1
KLMA_10044	SPS22
KLMA_10045	URC2
KLMA_10046	FPR2
KLMA_10047	EMC1
KLMA_10048	MGR1
KLMA_10049	PDI1
KLMA_10050	GRH1
KLMA_10051	GLK1
KLMA_10052	GID7
KLMA_10053	ATG22
KLMA_10054	SRO9
KLMA_10058	GRX2
KLMA_10059	LSB5
KLMA_10060	MXR2
KLMA_10062	STE50
KLMA_10063	RRP7
KLMA_10064	ACN9
KLMA_10065	HIS4
KLMA_10066	BIK1
KLMA_10067	PRY2
KLMA_10069	HBN1
KLMA_10070	HBN1
KLMA_10071	GNP1
KLMA_10072	SMT3
KLMA_10073	GIN4
KLMA_10075	GMC1
KLMA_10077	TFS1
KLMA_10078	LPP1
KLMA_10079	SAM2
KLMA_10080	VTA1
KLMA_10081	SWI6
KLMA_10082	PLM2
KLMA_10083	RpL37a
KLMA_10084	LCD1
KLMA_10085	EMG1
KLMA_10086	PRM1
KLMA_10088	SKG3
KLMA_10089	MDL1
KLMA_10090	MET2
KLMA_10091	ATG26
KLMA_10092	ISC1
KLMA_10093	SPC25
KLMA_10094	PER1
KLMA_10095	BOR1
KLMA_10097	GOR1
KLMA_10098	TAF2
KLMA_10099	SLP1
KLMA_10100	CCN1
KLMA_10101	TOF1
KLMA_10102	AVT2
KLMA_10103	SEC2
KLMA_10104	BNI1
KLMA_10106	CAN1
KLMA_10107	LYP1
KLMA_10108	PIK1
KLMA_10109	TAM41
KLMA_10110	IST1
KLMA_10111	TFC4
KLMA_10112	UFD1
KLMA_10114	PDR17
KLMA_10115	CWC23
KLMA_10116	YIF1
KLMA_10117	POL2
KLMA_10118	ORC5
KLMA_10121	ATX1
KLMA_10122	DSL1
KLMA_10123	SIP3
KLMA_10124	TGL2
KLMA_10125	COQ6
KLMA_10126	FOL1
KLMA_10127	GIS2
KLMA_10128	RTC4
KLMA_10129	TEX1
KLMA_10130	MRPL17
KLMA_10131	NRD1
KLMA_10132	RAD50
KLMA_10133	MPA43
KLMA_10134	RPA49
KLMA_10138	VPS75
KLMA_10139	CWC25
KLMA_10140	SUI1
KLMA_10141	SLA2
KLMA_10142 KLMA_30022	MATA1
KLMA_10143 KLMA_30021	MATA2
KLMA_10144	LAA1
KLMA_10149	RCY1
KLMA_10151	ECM25
KLMA_10152	BUD5
KLMA_10153	ACO2a
KLMA_10155	PHO87
KLMA_10156	UBP12
KLMA_10157	RBK1
KLMA_10158	RRP43
KLMA_10159	FEN1
KLMA_10160	SNT1
KLMA_10161	CDC6
KLMA_10162	VPS60
KLMA_10163	COQ3
KLMA_10164	VPS72
KLMA_10165	HMI1
KLMA_10166	VPS52
KLMA_10167	RFC4
KLMA_10168	TRM10
KLMA_10172	MPS1
KLMA_10173	ARP2
KLMA_10175	APM4
KLMA_10176	PRS5
KLMA_10177	RTK1
KLMA_10178	MAM3
KLMA_10179	GPD1
KLMA_10180	ARG1
KLMA_10182	GPM3
KLMA_10183	RPN4
KLMA_10184	och1
KLMA_10185	OSH2
KLMA_10186	YAT1
KLMA_10187	CDC15
KLMA_10188	KIN3
KLMA_10189	ADE1
KLMA_10190	BUD14
KLMA_10191	KAP104
KLMA_10192	DAL1
KLMA_10194	ERP3
KLMA_10195	CDC7
KLMA_10196	TSC13
KLMA_10197	FLO5
KLMA_10199	NOP1
KLMA_10201	SLX5
KLMA_10206	PAC10
KLMA_10208	PEX8
KLMA_10209	DBP9
KLMA_10210	YSH1
KLMA_10214	ECI1
KLMA_10215	NNT1
KLMA_10216	CTS1
KLMA_10217	LAS17
KLMA_10220	SER1
KLMA_10221	MEC3
KLMA_10222	GUF1
KLMA_10223	PET18
KLMA_10224	GCD7
KLMA_10225 KLMA_50134	GSP1
KLMA_10228	YHC1
KLMA_10229 KLMA_50136	TUF1
KLMA_10231	ECM38
KLMA_10232	MSB1
KLMA_10236	ULS1
KLMA_10237	HRI1
KLMA_10240	ERV14
KLMA_10242	NGR1
KLMA_10243	MET8
KLMA_10244	OLE1
KLMA_10245	SDS23
KLMA_10247	UBC2
KLMA_10248	PKP2
KLMA_10249	HPC2
KLMA_10250	YBP1
KLMA_10251	ATG12
KLMA_10252	DUO1
KLMA_10253	PYC2
KLMA_10255	SOH1
KLMA_10256	RRN11
KLMA_10257	HRD1
KLMA_10259	HTZ1
KLMA_10260	PLB
KLMA_10261	TAF4
KLMA_10262	RCL1
KLMA_10263	MVP1
KLMA_10265	MDM12
KLMA_10266	COQ10
KLMA_10267	AIM34
KLMA_10268	MIC17
KLMA_10269	TOP1
KLMA_10270	CDC5
KLMA_10271	RPB11
KLMA_10272	SIN3
KLMA_10273	PFA4
KLMA_10274	KU70
KLMA_10275	NGL2
KLMA_10276	MRPL33
KLMA_10278	DSS1
KLMA_10279	NDI1
KLMA_10280	GTR1
KLMA_10281	PTH1
KLMA_10282	PNO1
KLMA_10283	MDM32
KLMA_10284	SPP2
KLMA_10285	SHE9
KLMA_10286	RPT3
KLMA_10289	SMP3
KLMA_10290	SXM1
KLMA_10292	NCB2
KLMA_10293	UTP5
KLMA_10294	HPT1
KLMA_10295	MCH2
KLMA_10297	URH1
KLMA_10298	DIT2
KLMA_10299	DIT1
KLMA_10300	RPB7
KLMA_10301	MRPL44
KLMA_10302	RRP36
KLMA_10303	RDL2
KLMA_10304	RDL1
KLMA_10306	MRE11
KLMA_10307	PLP2
KLMA_10308	UBP8
KLMA_10309	FSH2
KLMA_10310	FSH3
KLMA_10311	FMP42
KLMA_10313	ERG8
KLMA_10315	TRS130
KLMA_10316	HEM4
KLMA_10317	GUA1
KLMA_10319	SKY1
KLMA_10320	GAS3
KLMA_10321	DNAJA1
KLMA_10322	CAF20
KLMA_10323	MTG2
KLMA_10325	CDC23
KLMA_10326	PRP8
KLMA_10328	DNA2
KLMA_10330	MGA1
KLMA_10331	SOL3
KLMA_10332	CPD1
KLMA_10333	TDS4
KLMA_10334	SDA1
KLMA_10336	LSC2
KLMA_10338	FMP43
KLMA_10339	YAP1801
KLMA_10341	PFK1
KLMA_10342	LCB3
KLMA_10343	DYN1
KLMA_10344	RHO4
KLMA_10345	TRM2
KLMA_10347	GLG1
KLMA_10348	TIF1
KLMA_10349	UTP30
KLMA_10350	YUR1
KLMA_10351	RPB4
KLMA_10352	YAK1
KLMA_10353	TIM17
KLMA_10356	BIO2
KLMA_10357	SFH5
KLMA_10360	TFA2
KLMA_10361	RPA34
KLMA_10362	LAS1
KLMA_10363	OAF3
KLMA_10364	DAS1
KLMA_10365	PAM17
KLMA_10368	RIM1
KLMA_10369	GON7
KLMA_10370	FEN2
KLMA_10371	MNN11
KLMA_10373	ATP12
KLMA_10374	PFD1
KLMA_10375	ATG27
KLMA_10376	RPL17B
KLMA_10378	COY1
KLMA_10379	SWI3
KLMA_10380	KRE9
KLMA_10381	RFA3
KLMA_10382	STE3
KLMA_10383	SET2
KLMA_10384	LST4
KLMA_10385	ZRT3
KLMA_10386	TPO5
KLMA_10387	SNU114
KLMA_10388	EBP2
KLMA_10389	FPS1
KLMA_10390	QCR8
KLMA_10391	NNK1
KLMA_10392	rplN
KLMA_10394	GAP1
KLMA_10396	YNG2
KLMA_10398	RIM21
KLMA_10399	MSB3
KLMA_10400	MDY2
KLMA_10401	ERF4
KLMA_10402	TGL4
KLMA_10403	DIA2
KLMA_10404	ATX2
KLMA_10406	TVP38
KLMA_10407	RTS2
KLMA_10408	OMA1
KLMA_10409	PRP16
KLMA_10410	MRPL20
KLMA_10412	HBS1
KLMA_10413	UFE1
KLMA_10414	CDC21
KLMA_10415	SGO1
KLMA_10416	DAD2
KLMA_10417	NUP133
KLMA_10418	RPF2
KLMA_10419	folD
KLMA_10420	RAD7
KLMA_10421	PRP39
KLMA_10422	BFA1
KLMA_10424	GSF2
KLMA_10425	RSE1
KLMA_10426	AIM32
KLMA_10427	GAL80
KLMA_10428	SUR7
KLMA_10430	PES4
KLMA_10431	LSB3
KLMA_10432	YSD83
KLMA_10433	ARG4
KLMA_10434	DED81
KLMA_10436	HIS2
KLMA_10437	DAO1
KLMA_10439	PGS1
KLMA_10441	RER1
KLMA_10442	DOM34
KLMA_10444	EFM5
KLMA_10445	TFC3
KLMA_10446	NUP60
KLMA_10448	ERP1
KLMA_10449	SWD1
KLMA_10450	CDH1
KLMA_10451	RFA1
KLMA_10452	RPN14
KLMA_10453	COG7
KLMA_10454	PMC1
KLMA_10456	SEN34
KLMA_10457	PMA1
KLMA_10458	KYE1
KLMA_10459	PUF4
KLMA_10460	PDR1
KLMA_10461	SPC97
KLMA_10462	ENO
KLMA_10464	FMO1
KLMA_10465	STB5
KLMA_10466	SVP26
KLMA_10468	GND1
KLMA_10469	SSP1
KLMA_10471	MTM1
KLMA_10473	RAD2
KLMA_10475	TNA1
KLMA_10476	KOG1
KLMA_10477	IKI1
KLMA_10478	GPI16
KLMA_10479	HSH155
KLMA_10480	APL6
KLMA_10481	ABZ2
KLMA_10482	BUD32
KLMA_10483	MES1
KLMA_10484	HAS1
KLMA_10487	TDA1
KLMA_10488	FOL2
KLMA_10491	YTA7
KLMA_10493	HER2
KLMA_10495	SLH1
KLMA_10496	EFG1
KLMA_10498	LCB1
KLMA_10499	PRC1
KLMA_10500	LIP1
KLMA_10501	TAF1
KLMA_10503	RNH70
KLMA_10504	DYN3
KLMA_10505	ADE4
KLMA_10506	ATM1
KLMA_10507	PRE5
KLMA_10508	TGL3
KLMA_10509	ELP6
KLMA_10510	SKN7
KLMA_10511	SET5
KLMA_10512	FMP10
KLMA_10513	FAU1
KLMA_10514	BAT1
KLMA_10516	PGU1
KLMA_10518	INU1
KLMA_10519	ARN1
KLMA_10521	FMP23
KLMA_10522	ZTA1
KLMA_10524	SES1
KLMA_10525	ATG31
KLMA_10526	FAL1
KLMA_10527	TLG2
KLMA_10531	UBP6
KLMA_10532	TAT2
KLMA_10533	DIS3
KLMA_10534	GCN20
KLMA_10535	TSR4
KLMA_10536	IFM1
KLMA_10540	PGK
KLMA_10541	POL4
KLMA_10545	HGT1
KLMA_10546	HGT1
KLMA_10547	HGT1
KLMA_10548	CWH43
KLMA_10549	GLC3
KLMA_10550	UBC8
KLMA_10552	MAK32
KLMA_10553	VAC8
KLMA_10554 KLMA_40195	TY1B-DR6
KLMA_10556	EDC3
KLMA_10557	rhb1
KLMA_10558	ARDH
KLMA_10559	NPP1
KLMA_10562	EAF5
KLMA_10563	MMS21
KLMA_10564	SLM5
KLMA_10566	RPC31
KLMA_10568	INN1
KLMA_10569	THO2
KLMA_10572	SRV2
KLMA_10574	EAF7
KLMA_10575	FCP1
KLMA_10576	TAF8
KLMA_10577	SCS7
KLMA_10579	ZDS2
KLMA_10580	RCE1
KLMA_10581	COQ5
KLMA_10582	BUL1
KLMA_10583	CTK3
KLMA_10585	DSK2
KLMA_10587	URA5
KLMA_10588	SEC65
KLMA_10589	RRN9
KLMA_10590	MDM1
KLMA_10591	TMA23
KLMA_10592	KYE1
KLMA_10594	SEC9
KLMA_10595	TIF6
KLMA_10597	RLF2
KLMA_10598	RRT8
KLMA_10599	LCB2
KLMA_10603	IRS4
KLMA_10604	IML2
KLMA_10606	ARP4
KLMA_10607	FCJ1
KLMA_10609	YPT52
KLMA_10610	SCP160
KLMA_10611	PRY3
KLMA_10612	PRY2
KLMA_10614	MPD1
KLMA_10615	rplM
KLMA_10616	CRN1
KLMA_10617	MAG2
KLMA_10618	SPC2
KLMA_10619	TDA5
KLMA_10620	TUS1
KLMA_10621	CYB2
KLMA_10622	YKT6
KLMA_10623	MIA40
KLMA_10624	SPP382
KLMA_10625	ATG17
KLMA_10626	MST1
KLMA_10628	SDS22
KLMA_10629	ACP1
KLMA_10631	RPN13
KLMA_10633	URA4
KLMA_10634	DPH2
KLMA_10635	DAL5
KLMA_10636	CNB1
KLMA_10638	CDC73
KLMA_10640	NPY1
KLMA_10641	HRR25
KLMA_10642	TPK2
KLMA_10643	MNP1
KLMA_10645	RPB9
KLMA_10646	AFT1
KLMA_10648	HSF
KLMA_10649	DLD1
KLMA_10650	MPS2
KLMA_10653	SNQ2
KLMA_10654	FUR4
KLMA_10655	CDR4
KLMA_10656	CHS3
KLMA_10658	CHS2
KLMA_10659	OLA1
KLMA_10660	SCO1
KLMA_10661	SIT4
KLMA_10662	THP1
KLMA_10663	NDK1
KLMA_10664	UPF3
KLMA_10667	SMD1
KLMA_10668	PRP38
KLMA_10669	MRPL25
KLMA_10670	DPS1
KLMA_10671	OCA5
KLMA_10672	PRP19
KLMA_10673	GPX2
KLMA_10674	ENT4
KLMA_10675	COX19
KLMA_10677	MET17
KLMA_10678	BPT1
KLMA_10679	RAN1
KLMA_10680	CDC3
KLMA_10681	CDC12
KLMA_10682	TRR1
KLMA_10683	XYL1
KLMA_10685	SBE2
KLMA_10686	KIC1
KLMA_10687	ATP22
KLMA_10688	BIG1
KLMA_10689	PEP12
KLMA_10690	CIA1
KLMA_10691	CYC2
KLMA_10692	MSW1
KLMA_10693	HIR2
KLMA_10694	CKB2
KLMA_10695	NDE1
KLMA_10698	SUB2
KLMA_10700	RPS16
KLMA_10701	RPL13A
KLMA_10702	RPP1A
KLMA_10703	SIP5
KLMA_10704	bioA
KLMA_10705	UTR4
KLMA_10706	RAD23
KLMA_10707	ANP1
KLMA_10708	HYP2
KLMA_10709	MCM3
KLMA_10710	SPF1
KLMA_10711	TAH11
KLMA_10712	SSC1
KLMA_10713	VPS55
KLMA_10714	BUD16
KLMA_10715	SOU2
KLMA_10717	VMA3
KLMA_10718	NUP85
KLMA_10719	URB2
KLMA_10720	GEF1
KLMA_10721	SNU13
KLMA_10722	HUL4
KLMA_10723	RIP1
KLMA_10725	RAD26
KLMA_10726	PET191
KLMA_10727	RAV1
KLMA_10728	CPR7
KLMA_10729	GEA2
KLMA_10731	URA3
KLMA_10732	TIM9
KLMA_10733	ALF1
KLMA_10734	LSM7
KLMA_10735	FUR1
KLMA_10736	ro-4
KLMA_10739	KTR3
KLMA_10741	LDH1
KLMA_10742	ALD6
KLMA_10743	COS111
KLMA_10744	TIM50
KLMA_10745	VPS28
KLMA_10747	AAH1
KLMA_10748	MCM7
KLMA_10752	BTS1
KLMA_10753	MUK1
KLMA_10755	BEM1
KLMA_10756	UBP16
KLMA_10757	YTA6
KLMA_10758	GCR1
KLMA_10760 KLMA_20185	TY1B-DR6
KLMA_10761	TAF5
KLMA_10762	GPI2
KLMA_10763	RAG2
KLMA_10764	MSI1
KLMA_10765	ATP4
KLMA_10766	AIM4
KLMA_10767	MED8
KLMA_10768	RIM2
KLMA_10769	RPL21A
KLMA_10771	LYS21
KLMA_10772	MOT1
KLMA_10774	GDT1
KLMA_10775	PCH2
KLMA_10776	SEN54
KLMA_10777	BRO1
KLMA_10778	MBA1
KLMA_10779	SEC16
KLMA_10780	ELP3
KLMA_10781	GLY1
KLMA_10782	YDC1
KLMA_10783	SOU1
KLMA_10784	SMP1
KLMA_10786	RPS6
KLMA_10787	GLR1
KLMA_10788	SSU1
KLMA_10789	DTR1
KLMA_10791	NOG1
KLMA_10793	SEC62
KLMA_10794	FZO1
KLMA_10795	EHT1
KLMA_10796	PNG1
KLMA_10797	MSY1
KLMA_10798	MGR2
KLMA_10799	AIM43
KLMA_10800	ATG21
KLMA_10802	ELP4
KLMA_10803	FMP30
KLMA_10804	ECM31
KLMA_10805	EAT1
KLMA_10807	MSD1
KLMA_10808	SWD3
KLMA_10809	UMP1
KLMA_10810	SYH1
KLMA_10811	SEC66
KLMA_10812	NPL4
KLMA_10813	SSE1
KLMA_10815	PEX32
KLMA_10816	POP7
KLMA_10818	DAL3
KLMA_10819	TYR1
KLMA_10821	ARL1
KLMA_10824	str3
KLMA_10830	Nqo2
KLMA_10831	YCT1
KLMA_10832	URA1
KLMA_10834	PHO12
KLMA_10836	FCY2
KLMA_20004	OPT1
KLMA_20005	ADH4a
KLMA_20006	DUR3
KLMA_20007	yxeK
KLMA_20008	FRE4
KLMA_20009	ADY2
KLMA_20011	MNT4
KLMA_20012	yciC
KLMA_20015	YUH1
KLMA_20016	THP3
KLMA_20017	uch2
KLMA_20018	AIM25
KLMA_20019	PPH3
KLMA_20021	SPT15
KLMA_20022	SCC4
KLMA_20023	TPS2
KLMA_20024	IPT1
KLMA_20025	LSM5
KLMA_20026	PAA1
KLMA_20028	DOA4
KLMA_20029	DOS2
KLMA_20030	OCA6
KLMA_20031	DDI1
KLMA_20032	MAG1
KLMA_20033	COX15
KLMA_20035	PIM1
KLMA_20036	HAP3
KLMA_20037	RFT1
KLMA_20038	APN2
KLMA_20039	POP8
KLMA_20040	VPS10
KLMA_20041	FUS3
KLMA_20042	ACH1
KLMA_20045	PGD1
KLMA_20046	TRP5
KLMA_20047	RRN6
KLMA_20048	CWH41
KLMA_20049	SCW11
KLMA_20050	MIOX5
KLMA_20051	CGR1
KLMA_20053	RPL30
KLMA_20054	RPL24
KLMA_20056	NAT2
KLMA_20058	HOP2
KLMA_20059	MIG1
KLMA_20060	PRP24
KLMA_20061	NUP188
KLMA_20062	PPA2
KLMA_20063	RSN1
KLMA_20067	CAC2
KLMA_20068	CUE1
KLMA_20069	SAP30
KLMA_20074	TSL1
KLMA_20075	TIF11
KLMA_20076	NIPA2
KLMA_20077	SIF2
KLMA_20078	EXO84
KLMA_20079	FES1
KLMA_20080	EME1
KLMA_20081	SEC8
KLMA_20083	DAP2
KLMA_20084	RPN1
KLMA_20085	VMA16
KLMA_20086	THR1
KLMA_20087	MAS2
KLMA_20088	MYO1
KLMA_20092	RSM22
KLMA_20093	SRP102
KLMA_20094	NUP192
KLMA_20095	NSP1
KLMA_20096	MHP1
KLMA_20098	GPM1
KLMA_20099	ADY2
KLMA_20100	RVS161
KLMA_20102	SAT4
KLMA_20105	CIT1
KLMA_20106	YCP4
KLMA_20108	MRPL32
KLMA_20109	CDC10
KLMA_20110	DNM1
KLMA_20111	RTT109
KLMA_20112	PRE3
KLMA_20113	SFI1
KLMA_20114	OST1
KLMA_20115	ORC3
KLMA_20116	COX16
KLMA_20117	ADR1
KLMA_20118	RAD9
KLMA_20120	SPR28
KLMA_20121	BUR2
KLMA_20123	GTB1
KLMA_20125	IFH1
KLMA_20126	UTP13
KLMA_20128	RSA3
KLMA_20129	CCC1
KLMA_20130	ECM4
KLMA_20132	BMH2
KLMA_20133	IRC20
KLMA_20135	RCK2
KLMA_20136	MEF2
KLMA_20137	GCN3
KLMA_20138	RPC37
KLMA_20139	DBP7
KLMA_20140	GSM1
KLMA_20143	PAM16
KLMA_20145	CTF13
KLMA_20146	SLD2
KLMA_20147	UTP15
KLMA_20148	AIP1
KLMA_20149	NPL6
KLMA_20150	YTA12
KLMA_20151	VBA1
KLMA_20153	AAT1
KLMA_20155	GFA1
KLMA_20156	LAP4
KLMA_20157	HSL1
KLMA_20158	ADH4b
KLMA_20159	UTP11
KLMA_20160	MTC2
KLMA_20161	GGC1
KLMA_20162	PCF11
KLMA_20165	ADK1
KLMA_20166	MSC3
KLMA_20168 KLMA_60119	HTA1
KLMA_20169	HTB1
KLMA_20170	SPO71
KLMA_20171	STE5
KLMA_20172	PDA1
KLMA_20173	ARX1
KLMA_20174	DMC1
KLMA_20175	TMS1
KLMA_20179	RDH54
KLMA_20180	VMS1
KLMA_20181	HEM12
KLMA_20184	DSE4
KLMA_20187	DBF4
KLMA_20188	SLM4
KLMA_20189	RGP1
KLMA_20190	AVL9
KLMA_20191	HPR1
KLMA_20192	NOP53
KLMA_20193	PXA1
KLMA_20195	ppr1
KLMA_20196	ABP140
KLMA_20199	ATG5
KLMA_20202	MET7
KLMA_20203	SSP2
KLMA_20204	PUS7
KLMA_20205	PRP46
KLMA_20206	ESA1
KLMA_20207	RRD2
KLMA_20208	DGA1
KLMA_20209	RAD53
KLMA_20210	SLD5
KLMA_20211	PAC11
KLMA_20212	HST2
KLMA_20213	MSH4
KLMA_20214	ULP1
KLMA_20215	BAS1
KLMA_20217	COA1
KLMA_20218	SKG1
KLMA_20219	BNR1
KLMA_20220	POT1
KLMA_20221	THI72
KLMA_20223	DSD1
KLMA_20224	CDC20
KLMA_20225	SNF4
KLMA_20227	SWC5
KLMA_20228	PBP2
KLMA_20229	SLD3
KLMA_20230	TAF6
KLMA_20231	DAD3
KLMA_20232	ARC40
KLMA_20233	NSA1
KLMA_20234	CUE3
KLMA_20236	ABD1
KLMA_20237	PRP5
KLMA_20239	RMD9
KLMA_20240	MLC1
KLMA_20241	ERT1
KLMA_20242	ARC1
KLMA_20243	TRX3
KLMA_20244	COQ2
KLMA_20246	MVD1
KLMA_20247	TUP1
KLMA_20248	CSM1
KLMA_20250	ABP1
KLMA_20252	YMD8
KLMA_20253	STP2
KLMA_20254	MCM6
KLMA_20256	GPH1
KLMA_20258	JEN1
KLMA_20259	ARO8
KLMA_20260	KEX1
KLMA_20262	CHO1
KLMA_20263	POX1
KLMA_20264	CHC1
KLMA_20265	SPT16
KLMA_20267	NAB2
KLMA_20268	RPS2
KLMA_20270	MON1
KLMA_20272	ROT2
KLMA_20273	SLX1
KLMA_20274	MCX1
KLMA_20276	MET13
KLMA_20277	TDP1
KLMA_20278	PDB1
KLMA_20280	YRM1
KLMA_20281	SCS3
KLMA_20282	HSP60
KLMA_20283	ATG22
KLMA_20285	RNA15
KLMA_20286	DST1
KLMA_20288	CYS4
KLMA_20289	VPS20
KLMA_20290	HEM2
KLMA_20293	LSM2
KLMA_20294	GDI1
KLMA_20296	GPD2
KLMA_20297	HOS2
KLMA_20298	IME4
KLMA_20299	COX13
KLMA_20300	CDC55
KLMA_20301	RIM15
KLMA_20302	REX2
KLMA_20304	AGX1
KLMA_20305	SHM2
KLMA_20306	MNL2
KLMA_20307	CAK1
KLMA_20308	ERG3
KLMA_20309	CAF16
KLMA_20310	SPT8
KLMA_20311	GYP8
KLMA_20312	coa6
KLMA_20314	ZRC1
KLMA_20316	isp4
KLMA_20317	SPS4
KLMA_20318	RPL20B
KLMA_20319	DGK1
KLMA_20320	NOP58
KLMA_20322	SNU66
KLMA_20323	SLY41
KLMA_20324	YHM2
KLMA_20326	MCH5
KLMA_20327	RRG7
KLMA_20329	CUS1
KLMA_20330	NAT1
KLMA_20331	GAL7
KLMA_20332	GAL10
KLMA_20333	GAL1
KLMA_20335	MRPL51
KLMA_20336	GCD2
KLMA_20337	MRP13
KLMA_20339	RPL11
KLMA_20340	PRE2
KLMA_20341	FHL1
KLMA_20342	COG4
KLMA_20343	PIL1
KLMA_20344	YTH1
KLMA_20346	RTS1
KLMA_20347	SPO7
KLMA_20348	MDM10
KLMA_20349	SWC3
KLMA_20350	SMC5
KLMA_20351	MSE1
KLMA_20352	OPI10
KLMA_20353	SIL1
KLMA_20354	CYS3
KLMA_20356	RPS15
KLMA_20357	DEP1
KLMA_20359	NOP12
KLMA_20360	SYN8
KLMA_20362	NGL1
KLMA_20363	NTG1
KLMA_20364	TPD3
KLMA_20366	MUP1
KLMA_20367	PSK1
KLMA_20369	GAL11
KLMA_20370	GSH2
KLMA_20372	FUN30
KLMA_20373	RAT1
KLMA_20374	CCC2
KLMA_20376	TIF34
KLMA_20381	OSW5
KLMA_20383	IMP1
KLMA_20385	LUC7
KLMA_20386	ASM4
KLMA_20387	NUR1
KLMA_20388	RIM13
KLMA_20389	RAM1
KLMA_20390	UBX3
KLMA_20393	STP3
KLMA_20394	ARC35
KLMA_20395	MRPS12
KLMA_20396	PTC6
KLMA_20397	RSM19
KLMA_20398	DBP6
KLMA_20399	SRB8
KLMA_20400	ZRG17
KLMA_20403	RPL28
KLMA_20405	ALG7
KLMA_20406	SEH1
KLMA_20407	HYR1
KLMA_20408	ISW1
KLMA_20409	LSG1
KLMA_20410	USE1
KLMA_20411	ENP1
KLMA_20412	SRM1
KLMA_20413	HIS7
KLMA_20414	ARO4
KLMA_20415	BBP1
KLMA_20417	CLN2
KLMA_20418	ROT1
KLMA_20419	VPS27
KLMA_20422	RAD14
KLMA_20423	MCH1
KLMA_20424	SEC61
KLMA_20425	RSM26
KLMA_20426	RAD55
KLMA_20428	MUC1
KLMA_20429	UBP3
KLMA_20430	SHU2
KLMA_20432	PET122
KLMA_20433	OXA1
KLMA_20434	BEM2
KLMA_20436	IRC19
KLMA_20437	RIX7
KLMA_20439	GRC3
KLMA_20440	RIM101
KLMA_20442	UBI4
KLMA_20443	ECM29
KLMA_20444	TFC6
KLMA_20445	UBA4
KLMA_20446	ERP5
KLMA_20447	CTM1
KLMA_20448	BCP1
KLMA_20449	EAF1
KLMA_20450	GGA2
KLMA_20451	CLN1
KLMA_20452	SPC110
KLMA_20454	TRP4
KLMA_20457	POM33
KLMA_20459	SSA2
KLMA_20462	uapC
KLMA_20463	HAH1
KLMA_20464	VMA7
KLMA_20465	CHS5
KLMA_20466	SDH1
KLMA_20467	DBR1
KLMA_20468	MCR1
KLMA_20470	RPC34
KLMA_20471	ADP1
KLMA_20473	FAB1
KLMA_20474	ATG18
KLMA_20475	ROD1
KLMA_20476	STP22
KLMA_20478	CBF5
KLMA_20479	DNAJB13
KLMA_20480	LST8
KLMA_20482	RLP7
KLMA_20483	LEU2
KLMA_20484	NFS1
KLMA_20485	PET8
KLMA_20486	DCC1
KLMA_20487	BUD3
KLMA_20488	HRB1
KLMA_20490	TPN1
KLMA_20491	COX4
KLMA_20492	RPS26A
KLMA_20493	FRS1
KLMA_20495	RPL22A
KLMA_20497	GAB1
KLMA_20498	SEC23
KLMA_20499	AOS1
KLMA_20500	HDA3
KLMA_20501	PRP4
KLMA_20502	BET2
KLMA_20503	DPB2
KLMA_20508	UTP8
KLMA_20509	SYF2
KLMA_20511	RSM18
KLMA_20512	PKP1
KLMA_20513	GVP36
KLMA_20514	TPA1
KLMA_20515	ISD11
KLMA_20517	CAJ1
KLMA_20518	TED1
KLMA_20521	NOT3
KLMA_20524	CST6
KLMA_20525	CKA1
KLMA_20526	CAP2
KLMA_20527	ERG28
KLMA_20528	PKAR
KLMA_20529	IRC5
KLMA_20530	RSC8
KLMA_20532	PEX7
KLMA_20533	SAN1
KLMA_20534	YPS1
KLMA_20537	SUE1
KLMA_20538	CAF130
KLMA_20539	URN1
KLMA_20540	PRE9
KLMA_20542	PIN3
KLMA_20543	NCA2
KLMA_20544	TPO3
KLMA_20545	CBF2
KLMA_20546	VPS62
KLMA_20549	KRE6
KLMA_20550	SPP41
KLMA_20551	CYP707A7
KLMA_20552	RMT2
KLMA_20553	SOD2
KLMA_20554	PKH3
KLMA_20555	TDA3
KLMA_20556	UGO1
KLMA_20558	RPL27A
KLMA_20559	DIA4
KLMA_20560	VPS29
KLMA_20561	ARD1
KLMA_20562	TRS31
KLMA_20564	ELG1
KLMA_20565	SPT3
KLMA_20566	THI80
KLMA_20568	LSC1
KLMA_20571	ARP8
KLMA_20572	SFL1
KLMA_20573	RUP1
KLMA_20574	SIA1
KLMA_20575	IDH2
KLMA_20577	UBA2
KLMA_20578	SAC7
KLMA_20579	RVS167
KLMA_20581	MUS81
KLMA_20582	EFT1
KLMA_20584	VPS17
KLMA_20586	ATO2
KLMA_20587	ATO3
KLMA_20591	ORT1
KLMA_20592	PMP47A
KLMA_20594	YRA1
KLMA_20596	AFI1
KLMA_20597	ARO10
KLMA_20598	ADE2
KLMA_20600	ugcg-b
KLMA_20601	RGA1
KLMA_20602	LSM6
KLMA_20603	ARH1
KLMA_20604	IAH1
KLMA_20608	COQ7
KLMA_20609	FRQ1
KLMA_20610	UBP2
KLMA_20611	VPS74
KLMA_20612	CTS2
KLMA_20613	LEO1
KLMA_20614	PFY1
KLMA_20619	YPR1
KLMA_20620	LEM3
KLMA_20621	SNG1
KLMA_20622	FIG4
KLMA_20623	RRP40
KLMA_20624	PFA3
KLMA_20625	EGT2
KLMA_20626	MDJ2
KLMA_20627	PEX6
KLMA_20628	RPD3
KLMA_20629	RIB4
KLMA_20630	NOP8
KLMA_20631	CTR9
KLMA_20632	PSF3
KLMA_20634	PEX11
KLMA_20635	SPT20
KLMA_20636	DCP1
KLMA_20637	SDL1
KLMA_20638	PLT5
KLMA_20639	MGT1
KLMA_20640	PET494
KLMA_20641	MSS11
KLMA_20642	INP2
KLMA_20643	QRI1
KLMA_20644	DNF3
KLMA_20646	POL3
KLMA_20647	DUN1
KLMA_20649	ATG16
KLMA_20650	GET3
KLMA_20652	MRPS8
KLMA_20653	AIM36
KLMA_20654	SNU23
KLMA_20655	TPP1
KLMA_20656	RPN6
KLMA_20657	PMT1
KLMA_20659	MSC1
KLMA_20661	PRE8
KLMA_20662	UTP14
KLMA_20663	GIM5
KLMA_20664	RAD10
KLMA_20666	VPS9
KLMA_20667	ERO1
KLMA_20668	TAF13
KLMA_20669	ARG81
KLMA_20670	EAR1
KLMA_20671	PHO2
KLMA_20672	aldA
KLMA_20673	ALD2
KLMA_20674	CEP3
KLMA_20675	MLH1
KLMA_20676	NSE4
KLMA_20677	QRI7
KLMA_20679	PAH1
KLMA_20681	AVT1
KLMA_20682	MPP10
KLMA_20683	NOC3
KLMA_20687	GPI14
KLMA_20688	SKI6
KLMA_20689	FYV8
KLMA_20690	SMF2
KLMA_20691	GRP78
KLMA_20692	PML1
KLMA_20693	DBP4
KLMA_20694	CTK2
KLMA_20695	BET4
KLMA_20696	MAD2
KLMA_20698	VPS53
KLMA_20699	CCT8
KLMA_20700	SAK1
KLMA_20701	CDC25
KLMA_20702	SMD2
KLMA_20703	MCM5
KLMA_20704	GAC1
KLMA_20706	CDC34
KLMA_20707	MDM36
KLMA_20708	VMA2
KLMA_20709	ATG14
KLMA_20711	ASA1
KLMA_20712	OPY1
KLMA_20713	SHE3
KLMA_20714	SRP54
KLMA_20715	CCZ1
KLMA_20717	SUI3
KLMA_20720	YAR1
KLMA_20722	ERG9
KLMA_20723	maa
KLMA_20725	NCP1
KLMA_20726	DTD1
KLMA_20727	DUG3
KLMA_20729	SRP1
KLMA_20731	TIM22
KLMA_20732	SWT21
KLMA_20733	RRI1
KLMA_20734	GDH2
KLMA_20735	UBP10
KLMA_20736	rplK
KLMA_20737	NPR1
KLMA_20738	NOP6
KLMA_20739	IPI3
KLMA_20741	ced-10
KLMA_20742	RPS3
KLMA_20744	SHR3
KLMA_20745	MRPL22
KLMA_20747	NOP13
KLMA_20749	CRP1
KLMA_20750	APC1
KLMA_20751	PSD1
KLMA_20752	DCD1
KLMA_20753	FMP41
KLMA_20755	RPC10
KLMA_20756	BNI5
KLMA_20759	IBD2
KLMA_20760	RIA1
KLMA_20761	CHS7
KLMA_20762	RPL44
KLMA_20764	CBK1
KLMA_20766	MEP2
KLMA_20768	GNA1
KLMA_20770	dnaJ
KLMA_20771	HSP12
KLMA_20773	IES1
KLMA_20774	dao1
KLMA_20775	CDC4
KLMA_20777	SMC1
KLMA_20778	KES1
KLMA_20779	DFR1
KLMA_20781	YUC8
KLMA_20783	RPL33B
KLMA_20784	FRK1
KLMA_20785	mge1
KLMA_20786	MKK1
KLMA_20787	WTM2
KLMA_20788	SPP1
KLMA_20790	GIP3
KLMA_20791	ISU1
KLMA_20792	RPB8
KLMA_20795	ODC2
KLMA_20796	MCT1
KLMA_20797	RDS2
KLMA_20798	COX11
KLMA_20800	RPL5
KLMA_20801	STE13
KLMA_20803	RUD3
KLMA_20804	AIM41
KLMA_20805	TAF14
KLMA_20806	STE4
KLMA_20807	TBF1
KLMA_20808	MGM1
KLMA_20809	RPB10
KLMA_20810	NAN1
KLMA_20811	NPT1
KLMA_20812	KAP120
KLMA_20813	PTP2
KLMA_20814	SPC29
KLMA_20815	RNY1
KLMA_20816	RNY1
KLMA_20817	ARG2
KLMA_20818	PSF2
KLMA_20821	APE3
KLMA_20824	SCP1
KLMA_20825	KHA1
KLMA_20826	FEN2
KLMA_20827	amdS
KLMA_20828	MRS6
KLMA_20829	PHO3
KLMA_20830	LAC12
KLMA_20831 KLMA_50635	BIO3
KLMA_20832 KLMA_50636	BIO4
KLMA_20833	BIO5
KLMA_20834	amdS
KLMA_30004 KLMA_30006	TY2B-GR2
KLMA_30008 KLMA_50004	TY2B-GR1
KLMA_30009	LAC4
KLMA_30010	LAC12
KLMA_30012	mirA
KLMA_30013	CYB2
KLMA_30015	bioA
KLMA_30016	YPR1
KLMA_30017	PUT4
KLMA_30018	ARI1
KLMA_30019	fmo1
KLMA_30024	YHB1
KLMA_30025	MIR1
KLMA_30027	DOA1
KLMA_30028	SAC1
KLMA_30029	TRP3
KLMA_30030	CDC11
KLMA_30031	HOC1
KLMA_30032	MOG1
KLMA_30033	UBA1
KLMA_30034	STE6
KLMA_30035	OPI3
KLMA_30037	mug157
KLMA_30038	AIM27
KLMA_30039	NPA3
KLMA_30040	ADD66
KLMA_30041	LIA1
KLMA_30042	HAM1
KLMA_30043	LOS1
KLMA_30044	RFC2
KLMA_30045	YAE1
KLMA_30046	TOR2
KLMA_30047	THI20
KLMA_30048	ARP3
KLMA_30049	CCT5
KLMA_30051	NTA1
KLMA_30052	MNN4
KLMA_30053	CTF18
KLMA_30054	TY1B-DR6
KLMA_30055	YAP3
KLMA_30057	MIF2
KLMA_30058	STE20
KLMA_30059	UFD4
KLMA_30060	MRT4
KLMA_30062	MRP4
KLMA_30063	LAG1
KLMA_30064	HSE1
KLMA_30065	CAP1
KLMA_30066	RPL14B
KLMA_30067	AUR1
KLMA_30068	MRP17
KLMA_30069	DID4
KLMA_30070	MET14
KLMA_30071	VPS1
KLMA_30072	PAP1
KLMA_30073	MUP1
KLMA_30074	RSC2
KLMA_30075	ADE13
KLMA_30076	LST7
KLMA_30078	DCR2
KLMA_30080	STE11
KLMA_30081	PEP5
KLMA_30082	FUS2
KLMA_30083	RRS1
KLMA_30086	mug14
KLMA_30087	RNH1
KLMA_30088	FAA1
KLMA_30089	CLD1
KLMA_30090	MUB1
KLMA_30091	VPH2
KLMA_30092	SRT1
KLMA_30093	OAC1
KLMA_30096	SSH4
KLMA_30097	RRN3
KLMA_30098	YPK1
KLMA_30099	PGM2
KLMA_30100	YKU80
KLMA_30101	SPG4
KLMA_30102	PMU1
KLMA_30103	dur3-1
KLMA_30105	ILV2
KLMA_30106	MYO1
KLMA_30107	HFD1
KLMA_30108	SHE2
KLMA_30110	MED11
KLMA_30111	FOL3
KLMA_30113	MGR3
KLMA_30114	OCT1
KLMA_30115	ASC1
KLMA_30116	ASC1
KLMA_30117	APL2
KLMA_30119	CMC1
KLMA_30120	MRPL31
KLMA_30121	SPC24
KLMA_30123	CTK1
KLMA_30125	VTC2
KLMA_30127	SEC4
KLMA_30128	BLM10
KLMA_30130	CFT2
KLMA_30133	RRG1
KLMA_30134	RTR1
KLMA_30136	gabD
KLMA_30137	mlo2
KLMA_30138	MCM2
KLMA_30139	NCL1
KLMA_30140	RRN10
KLMA_30141	EMP24
KLMA_30142	GLC7
KLMA_30143	YIP4
KLMA_30144	MDS3
KLMA_30145	GCN1
KLMA_30146	SGF29
KLMA_30147	MRPL2
KLMA_30148	ILV6
KLMA_30149	IDP2
KLMA_30151	SSP120
KLMA_30152	SPO1
KLMA_30153	TEF3
KLMA_30154	GSH1
KLMA_30155	LSB6
KLMA_30156	CHS6
KLMA_30157	SAP190
KLMA_30158	PHS1
KLMA_30159	MRPL49
KLMA_30160	BCK1
KLMA_30161	TOK1
KLMA_30162	SRS2
KLMA_30163	SRS2
KLMA_30164	GWT1
KLMA_30165	DPB11
KLMA_30166	SIP4
KLMA_30168	ARG3
KLMA_30170	TRL1
KLMA_30171	EXO70
KLMA_30172	ALY2
KLMA_30173	RAD4
KLMA_30176	SLU7
KLMA_30177	PUS6
KLMA_30178	BBC1
KLMA_30180	CLC1
KLMA_30182	SIR2
KLMA_30183	RTG1
KLMA_30184	RPT2
KLMA_30185	PTC1
KLMA_30186	MED2
KLMA_30187	ATP16
KLMA_30188	MCD1
KLMA_30190	IPI1
KLMA_30191	NAM8
KLMA_30194	PSD2
KLMA_30195	POL31
KLMA_30196	MSM1
KLMA_30197	RBG2
KLMA_30198	YIP1
KLMA_30199	RNR2
KLMA_30200	OKP1
KLMA_30201	PBP1
KLMA_30202	RRN7
KLMA_30203	ATF1
KLMA_30204	ERG1
KLMA_30205	CBP4
KLMA_30206	APS3
KLMA_30207	TIM13
KLMA_30208	QCR9
KLMA_30209	UBR1
KLMA_30210	UBR2
KLMA_30211	TYS1
KLMA_30212	TFG1
KLMA_30214	HGH1
KLMA_30217	PUF3
KLMA_30218	IZH3
KLMA_30219	SDO1
KLMA_30220	IRC25
KLMA_30221	YEH2
KLMA_30222	DCAF13
KLMA_30223	PSR1
KLMA_30224	POM34
KLMA_30225	MEU1
KLMA_30227	CYR1
KLMA_30228	SYS1
KLMA_30229	DRS1
KLMA_30231	MMM1
KLMA_30232	SPO75
KLMA_30233	PMT2
KLMA_30234	FUN26
KLMA_30235	CCR4
KLMA_30236	ATS1
KLMA_30237	MTH1
KLMA_30238	DBP5
KLMA_30241	WHI2
KLMA_30242	CUE5
KLMA_30243	GLO4
KLMA_30246	RSB1
KLMA_30247	GPT2
KLMA_30248	BET3
KLMA_30249	ETT1
KLMA_30250	MET1
KLMA_30253	DRE2
KLMA_30254	VHS3
KLMA_30255	NOB1
KLMA_30257	SGT1
KLMA_30258	ASE1
KLMA_30259	AIM29
KLMA_30261	SLD7
KLMA_30262	CKA2
KLMA_30264	RPL3
KLMA_30266	YNG1
KLMA_30267	CYT1
KLMA_30269	ALG8
KLMA_30270	VPS5
KLMA_30271	TRZ1
KLMA_30275	GLY1
KLMA_30276	SIT1
KLMA_30278	IES6
KLMA_30280	ISY1
KLMA_30281	GDA1
KLMA_30283	UTR2
KLMA_30284	CYCK
KLMA_30285	TMT1
KLMA_30286	GRX3
KLMA_30288	RAD24
KLMA_30289	BRR2
KLMA_30290	RAD3
KLMA_30292	ADK2
KLMA_30293	MSH6
KLMA_30294	RPH1
KLMA_30295	CCA1
KLMA_30297	DNF1
KLMA_30298	UBC13
KLMA_30299	PAB1
KLMA_30300	CHD1
KLMA_30301	RLI1
KLMA_30302	GPI13
KLMA_30303	MCM4
KLMA_30305	DUR3
KLMA_30306	ATP20
KLMA_30307	ROK1
KLMA_30308	MRPL15
KLMA_30309	SPA2
KLMA_30310	MCH2
KLMA_30312	ACO2b
KLMA_30314	STT4
KLMA_30316	UBC12
KLMA_30318	CDA2
KLMA_30319	IMH1
KLMA_30321	ATG1
KLMA_30322	MND1
KLMA_30325	STR3
KLMA_30326	PIB2
KLMA_30327	SCT1
KLMA_30328	PPQ1
KLMA_30329	CBC2
KLMA_30330	CUP9
KLMA_30333	HFI1
KLMA_30334	CIK1
KLMA_30335	YAH1
KLMA_30336	VTI1
KLMA_30340	SWA2
KLMA_30341	ERG7
KLMA_30342	YFT2
KLMA_30346	CWC21
KLMA_30348	AQY1
KLMA_30349	MNT2
KLMA_30350	CNS1
KLMA_30352	SSY1
KLMA_30354	LEE1
KLMA_30355	AMN1
KLMA_30356	LGE1
KLMA_30358	CDC28
KLMA_30359	SUR1
KLMA_30360	TOS1
KLMA_30362	PDR12
KLMA_30363	PDR12
KLMA_30364	EXO5
KLMA_30366	GRX5
KLMA_30370	GSY2
KLMA_30371	CMK2
KLMA_30372	PDC2
KLMA_30373	VPS41
KLMA_30374	COG3
KLMA_30375	PET100
KLMA_30378	STT3
KLMA_30380	ALK2
KLMA_30382	NSR1
KLMA_30383	RIM8
KLMA_30384	CCT2
KLMA_30385	END3
KLMA_30386	AXL2
KLMA_30387	Acot10
KLMA_30388	SAL1
KLMA_30389	REV7
KLMA_30390	PMS1
KLMA_30392	BMT2
KLMA_30393	MAK5
KLMA_30394	SUP45
KLMA_30396	PHM7
KLMA_30398	DOG2
KLMA_30400	RRP45
KLMA_30401	RNH202
KLMA_30403	APE2
KLMA_30404	FSH1
KLMA_30405	TAD2
KLMA_30406	SNX4
KLMA_30407	BRE2
KLMA_30408	PPR1
KLMA_30410	ZIP1
KLMA_30411	YIM1
KLMA_30412	DPP1
KLMA_30413	GCN2
KLMA_30414	SRB2
KLMA_30415	RTT103
KLMA_30416	HRQ1
KLMA_30417	SRP101
KLMA_30418	OLE1
KLMA_30419	BCD1
KLMA_30420	VMA10
KLMA_30421	ALDH22A1
KLMA_30422	RRF1
KLMA_30423	SSD1
KLMA_30425	BRL1
KLMA_30426	DPL1
KLMA_30427	HDA2
KLMA_30429	MHR1
KLMA_30430	SUR2
KLMA_30431	atpH
KLMA_30432	BFR2
KLMA_30434	PIH1
KLMA_30435	PRO1
KLMA_30436	CFT1
KLMA_30437	GPI11
KLMA_30439	CPR5
KLMA_30440	MED6
KLMA_30441	FYV4
KLMA_30443	BEM4
KLMA_30446	MLH3
KLMA_30448	CLP1
KLMA_30449	TUM1
KLMA_30450	SET6
KLMA_30451	ATG29
KLMA_30452	REV3
KLMA_30453	TMA16
KLMA_30455	NAT5
KLMA_30457	MEX67
KLMA_30459	DAP1
KLMA_30460	TRE2
KLMA_30461	SPT14
KLMA_30462	NIP100
KLMA_30463	CDC31
KLMA_30464	MRPL40
KLMA_30465	HNT3
KLMA_30466	RPT4
KLMA_30467	GCD1
KLMA_30468	COX10
KLMA_30469	RPN8
KLMA_30472	RBL2
KLMA_30474	NET1
KLMA_30476	SPO22
KLMA_30477	SER3
KLMA_30478	RPN2
KLMA_30479	UTP7
KLMA_30480	URA9
KLMA_30483	GET2
KLMA_30484	SEC28
KLMA_30485	ARE2
KLMA_30486	ATP23
KLMA_30489	MRPL50
KLMA_30490	RSC6
KLMA_30491	THR4
KLMA_30492	CTR86
KLMA_30493	PWP2
KLMA_30495	YIH1
KLMA_30496	TAH1
KLMA_30497	FKS3
KLMA_30499	BUD31
KLMA_30500	HCM1
KLMA_30501	RAD18
KLMA_30502	SEC12
KLMA_30504	BUD17
KLMA_30505	ATG15
KLMA_30507	SLX9
KLMA_30509	HNM1
KLMA_30511	DBP3
KLMA_30512	MNN10
KLMA_30513	PEX5
KLMA_30514	PRP28
KLMA_30515	CWC2
KLMA_30516	NHP2
KLMA_30517	SNU56
KLMA_30519	SEC26
KLMA_30520	rplE
KLMA_30521	GLE1
KLMA_30523	FMN1
KLMA_30525	PRP42
KLMA_30526	HEM3
KLMA_30527	LYS4
KLMA_30529	RTN1
KLMA_30530	HEM1
KLMA_30531	ACK1
KLMA_30532	COX20
KLMA_30534	IVY1
KLMA_30535	MRPL28
KLMA_30536	CGI121
KLMA_30537	TFB3
KLMA_30539	PMT7
KLMA_30540	SRB7
KLMA_30541	VMA22
KLMA_30542	GIC2
KLMA_30543	RPP1
KLMA_30544	SUM1
KLMA_30545	PAN5
KLMA_30546	SSZ1
KLMA_30547	TFB1
KLMA_30548	RRP3
KLMA_30549	SSF1
KLMA_30550	PIB1
KLMA_30551	SEC18
KLMA_30552	TIF32
KLMA_30553	Plekha8
KLMA_30554	ECM33
KLMA_30556	GAD1
KLMA_30557	SPE2
KLMA_30558	HSH49
KLMA_30559	GNT1-B
KLMA_30560	RKR1
KLMA_30561	SBA1
KLMA_30563	PRR1
KLMA_30564	APN1
KLMA_30565	FEN1
KLMA_30566	ABF1
KLMA_30567	ATP25
KLMA_30568	KTI12
KLMA_30569	MTG1
KLMA_30570	SET3
KLMA_30571	fap2
KLMA_30572	IME2
KLMA_30574	MPD2
KLMA_30575	APD1
KLMA_30576	HAL9
KLMA_30577	ARA1
KLMA_30578	MSH2
KLMA_30580	ARL8A
KLMA_30582	SNF1
KLMA_30583	SMF1
KLMA_30584	SNX3
KLMA_30585	HAP5
KLMA_30586	PTA1
KLMA_30587	VTS1
KLMA_30588	PDE2
KLMA_30589	GCV3
KLMA_30591	AIM1
KLMA_30592	PRT1
KLMA_30594	PRE10
KLMA_30595	GEM1
KLMA_30596	OAF1
KLMA_30597	OAF1
KLMA_30598	OAF1
KLMA_30599	AIM2
KLMA_30600	FLC2
KLMA_30602	ACS1
KLMA_30605	MRPL11
KLMA_30606	TRM8
KLMA_30607	STL1
KLMA_30608	SCW4
KLMA_30610	PMR1
KLMA_30612	SUA5
KLMA_30615	RAD54
KLMA_30616	HAA1
KLMA_30617	FTR1
KLMA_30619	REC8
KLMA_30620	RSC4
KLMA_30622	MRPL13
KLMA_30623	mug70
KLMA_30626	OSH7
KLMA_30629	FMP48
KLMA_30631	ILV5
KLMA_30632	PRX1a
KLMA_30633	RME1
KLMA_30634	TAL1
KLMA_30639	KSS1
KLMA_30640	dao1
KLMA_30641	NIT3
KLMA_30643	ISN1
KLMA_30644	PNS1
KLMA_30645	MTR10
KLMA_30646	SME1
KLMA_30647	PET123
KLMA_30648	TRS120
KLMA_30649	PUP1
KLMA_30650	ADE8
KLMA_30651	SIZ1
KLMA_30652	STE14
KLMA_30653	VPS71
KLMA_30654	CAT2
KLMA_30655	DFM1
KLMA_30656	RRP17
KLMA_30657	ERD1
KLMA_30658	RML2
KLMA_30660	VMA8
KLMA_30661	SYF1
KLMA_30662	AFG1
KLMA_30663	MAK10
KLMA_30664	RPL12B
KLMA_30666	RAD30
KLMA_30667	HKR1
KLMA_30668	ARO80
KLMA_30669	GIS4
KLMA_30670	YAP1
KLMA_30671	ERG6
KLMA_30674	SKI8
KLMA_30675	CLG1
KLMA_30676	FRA2
KLMA_30677	ARB1
KLMA_30679	SDT1
KLMA_30681	VRG4
KLMA_30683	YEN1
KLMA_30684	MXR1
KLMA_30685	COX5B
KLMA_30686	VID30
KLMA_30687	SAH1
KLMA_30688	SHE10
KLMA_30689	SAP155
KLMA_30690	ERJ5
KLMA_30691	KEG1
KLMA_30692	EMC4
KLMA_30693	TAN1
KLMA_30694	SEC15
KLMA_30695	DUG1
KLMA_30697	ADE5,7
KLMA_30698	MTO1
KLMA_30699	HAP2
KLMA_30700	CSE1
KLMA_30701	DOC1
KLMA_30703	KAP114
KLMA_30705	TAD1
KLMA_30706	RTF1
KLMA_30707	RMD8
KLMA_30709	GUS1
KLMA_30710	ATG32
KLMA_30711	SLN1
KLMA_30712	RPL40B
KLMA_30713	MLP1
KLMA_30714	MCM10
KLMA_30716	PCC1
KLMA_30719	PCK1
KLMA_30720	RRD1
KLMA_30721	IMP2'
KLMA_30722	GUT2
KLMA_30723	UBP11
KLMA_30724	SNZ3
KLMA_30726	SNO3
KLMA_30727	SMC3
KLMA_30728	LAC12
KLMA_40001	TY2B-GR2
KLMA_40002	FET3
KLMA_40004	THI13
KLMA_40007	OXP1
KLMA_40009	DUR3
KLMA_40011	ESF2
KLMA_40012	NOG2
KLMA_40013	POP2
KLMA_40014	BRE5
KLMA_40015	OCA4
KLMA_40016	LYS9
KLMA_40018	OXP1
KLMA_40019	YCT1
KLMA_40020	UBC1
KLMA_40021	CDC50
KLMA_40022	CDC39
KLMA_40023	MSH3
KLMA_40024	FPK1
KLMA_40025	TRM112
KLMA_40026	ERG26
KLMA_40027	VPS8
KLMA_40028	EFB1
KLMA_40029	SFH1
KLMA_40030	TAD3
KLMA_40031	EST2
KLMA_40032	BUD6
KLMA_40034	MMS22
KLMA_40035	SWC4
KLMA_40036	CUL3
KLMA_40037	CWC24
KLMA_40038	PEX30
KLMA_40039	RPL38
KLMA_40040	TFG2
KLMA_40044	ECT1
KLMA_40045	STF2
KLMA_40046	NMA1
KLMA_40048	SNU71
KLMA_40049	MSB2
KLMA_40053	THI3
KLMA_40054	RIM11
KLMA_40055	MDH3
KLMA_40056	CIN4
KLMA_40057	PSO2
KLMA_40058	GAT2
KLMA_40059	GID8
KLMA_40063	JLP2
KLMA_40064	RRB1
KLMA_40065	RIC1
KLMA_40066	COX12
KLMA_40069	POM152
KLMA_40070	SMF3
KLMA_40071	RSC58
KLMA_40072	ECM16
KLMA_40073	SAS2
KLMA_40074	RAD5
KLMA_40075	DLT1
KLMA_40076	CBC1
KLMA_40080	RPL15B
KLMA_40081	ADE17
KLMA_40082	ASI1
KLMA_40083	AAT2
KLMA_40084	fnx1
KLMA_40085	SED5
KLMA_40086	SNF7
KLMA_40087	ARN2
KLMA_40088	YMC1
KLMA_40089	YKE4
KLMA_40092	CLF1
KLMA_40093	BBP
KLMA_40094	RPS13
KLMA_40095	AIM7
KLMA_40096	TPO1
KLMA_40097	FRA1
KLMA_40098	ISA1
KLMA_40099	HSP104
KLMA_40100	RIM4
KLMA_40101	NPR3
KLMA_40102	ADH1
KLMA_40103	CHO2
KLMA_40104	MTR3
KLMA_40107	ARO3
KLMA_40108	MUM2
KLMA_40109	UBP14
KLMA_40110	EHD3
KLMA_40111	dsd1
KLMA_40112	AKL1
KLMA_40113	ORC2
KLMA_40114	RPC11
KLMA_40115	HEM13
KLMA_40117	NRG1
KLMA_40118	SLT11
KLMA_40121	TRM7
KLMA_40122	KRS1
KLMA_40123	BAP3
KLMA_40124	DET1
KLMA_40125	TPI1
KLMA_40126	ALG14
KLMA_40128	HSP26
KLMA_40129	EMP70
KLMA_40130	TRS85
KLMA_40131	RAX2
KLMA_40134	ARP6
KLMA_40135	SMC4
KLMA_40136	CSF1
KLMA_40137	GAA1
KLMA_40138	FOB1
KLMA_40139	ALT1
KLMA_40140	DNAJA2
KLMA_40142	GEP5
KLMA_40145	TMA64
KLMA_40147	SUL2
KLMA_40150	TRM1
KLMA_40151	DPB4
KLMA_40152	NYV1
KLMA_40153	fmo1
KLMA_40154	GIS3
KLMA_40155	IOC2
KLMA_40156	KIN1
KLMA_40157	HRT3
KLMA_40158	CHA4
KLMA_40159	ECM18
KLMA_40160	SWF1
KLMA_40161	ARO1
KLMA_40162	MTC5
KLMA_40163	ERG27
KLMA_40164	SAC6
KLMA_40166	CDC45
KLMA_40167	SEN2
KLMA_40168	MDN1
KLMA_40169	REX3
KLMA_40173	AHP1
KLMA_40175	HOG1
KLMA_40176	YCF1
KLMA_40177	YCS4
KLMA_40178	HEM15
KLMA_40179	ALE1
KLMA_40180	MED4
KLMA_40182	DCS1
KLMA_40183	SEC22
KLMA_40184	DDP1
KLMA_40185	GET4
KLMA_40186	SEY1
KLMA_40188	SWT1
KLMA_40189	RPS28
KLMA_40190	RED1
KLMA_40191	GLN4
KLMA_40193	YPT6
KLMA_40194	LCB5
KLMA_40196	PTI1
KLMA_40198	UGA1
KLMA_40202	ENA5
KLMA_40205	EBS1
KLMA_40206	TOP3
KLMA_40207	MSC2
KLMA_40209	GCR2
KLMA_40210	SHS1
KLMA_40211	WHI3
KLMA_40214	FMP45
KLMA_40215	CDC13
KLMA_40217	CHS1
KLMA_40218	GAP1
KLMA_40220	ADH2
KLMA_40221	MRPS9
KLMA_40224	RPB5
KLMA_40225	RIB7
KLMA_40226	SPP381
KLMA_40228	UTP10
KLMA_40229	GMH1
KLMA_40231	SPO14
KLMA_40232	GZF3
KLMA_40233	DID2
KLMA_40234	CCT7
KLMA_40235	MDV1
KLMA_40236	SPC34
KLMA_40237	gcp
KLMA_40238	cys2
KLMA_40240	GAR1
KLMA_40242	MSN5
KLMA_40243	RPF1
KLMA_40244	PDR5
KLMA_40245	PDR5
KLMA_40247	RTC3
KLMA_40248	SWR1
KLMA_40249	ERC1
KLMA_40251	CIC1
KLMA_40252	ELF1
KLMA_40253	COX6
KLMA_40255	TMA22
KLMA_40256	YPP1
KLMA_40257	PMT6
KLMA_40258	ELP2
KLMA_40259	ILV3
KLMA_40261	TRA1
KLMA_40262	YPS7
KLMA_40263	SFB3
KLMA_40265	MRP1
KLMA_40267	OCH1
KLMA_40268	PNC1
KLMA_40270	KNS1
KLMA_40273	NUP49
KLMA_40274	XRN1
KLMA_40275	CWC26
KLMA_40276	SAE2
KLMA_40277	NUF2
KLMA_40278	PRP11
KLMA_40281	MPS3
KLMA_40283	CCT3
KLMA_40284	BUB1
KLMA_40285	VTC4
KLMA_40286	RPC17
KLMA_40287	CRH1
KLMA_40289	APS1
KLMA_40290	DPH5
KLMA_40294	SYM1
KLMA_40297	HAP1
KLMA_40298	AIM14
KLMA_40299 KLMA_50423	TY2B-LR1
KLMA_40302	ERB1
KLMA_40303	CSM3
KLMA_40305	NUP116
KLMA_40306	IOC4
KLMA_40307	MCM1
KLMA_40309	YET1
KLMA_40310	ARA2
KLMA_40311	SUB1
KLMA_40312	MNR2
KLMA_40313	CCS1
KLMA_40315	MSN2
KLMA_40316	ELM1
KLMA_40317	MIH1
KLMA_40318	IMP2
KLMA_40321	AEP3
KLMA_40322	NCR1
KLMA_40323	TFC8
KLMA_40324	CHL1
KLMA_40328	RRP12
KLMA_40329	TAF3
KLMA_40330	RET3
KLMA_40331	TAE2
KLMA_40332	PAT1
KLMA_40336	ERS1
KLMA_40337	SYG1
KLMA_40338	HIS1
KLMA_40339	MET30
KLMA_40340	AGE2
KLMA_40342	HOM3
KLMA_40343	CBR1
KLMA_40344	JHD1
KLMA_40345	ulp2
KLMA_40346	SSM4
KLMA_40347	SSM4
KLMA_40349	EMC5
KLMA_40350	IRR1
KLMA_40353	WSS1
KLMA_40354	NSG2
KLMA_40355	IGO2
KLMA_40356	ECM14
KLMA_40360	LPE10
KLMA_40361	FTH1
KLMA_40362	DUR1,2
KLMA_40363	PAN3
KLMA_40365	URA6
KLMA_40367	CDC16
KLMA_40368	LYS1
KLMA_40369	MAK11
KLMA_40371	TMA108
KLMA_40372	APJ1
KLMA_40373	OM45
KLMA_40374	MKS1
KLMA_40375	IMP4
KLMA_40378	FMS1
KLMA_40379	MAC1
KLMA_40380	UBC7
KLMA_40381	DCW1
KLMA_40383	BLI1
KLMA_40384	MSS1
KLMA_40385	MRPL3
KLMA_40388	FBA1
KLMA_40390	TRM13
KLMA_40391	MDH2
KLMA_40392	BXI1
KLMA_40393	RPL25
KLMA_40394	MRPS18
KLMA_40395	MCK1
KLMA_40396	VPS68
KLMA_40397	KRI1
KLMA_40398	RFA2
KLMA_40399	GAS4
KLMA_40400	SKP2
KLMA_40401	ZIM17
KLMA_40403	VTC1
KLMA_40404	ALD5
KLMA_40405	RPS24B
KLMA_40406	PTP3
KLMA_40407	MAM33
KLMA_40409	PCI8
KLMA_40410	ICP55
KLMA_40411	HOP1
KLMA_40413	AIM9
KLMA_40414	PNT1
KLMA_40415	HRK1
KLMA_40416	PAC1
KLMA_40417	VPH1
KLMA_40418	ERG12
KLMA_40419	FSF1
KLMA_40420	TY1B-DR6
KLMA_40422	YTM1
KLMA_40424	TPO4
KLMA_40425	DML1
KLMA_40426	miaA
KLMA_40427	RIM20
KLMA_40428	EFR3
KLMA_40429	CEF1
KLMA_40430	DBP8
KLMA_40431	NOP19
KLMA_40432	NMD3
KLMA_40433	ATG7
KLMA_40434	GCN5
KLMA_40435	PUP2
KLMA_40436	ERG4
KLMA_40439	Fbxl7
KLMA_40440	VMA6
KLMA_40441	COG8
KLMA_40442	TCB3
KLMA_40443	RPL6B
KLMA_40444	FPR3
KLMA_40445	HMG1
KLMA_40447	WAR1
KLMA_40448	BET5
KLMA_40449	ENT3
KLMA_40451	RXT3
KLMA_40452	RPL31
KLMA_40453	DUS4
KLMA_40454	BRE1
KLMA_40457	SFP1
KLMA_40458	DUS3
KLMA_40459	YET3
KLMA_40460	BDF1
KLMA_40461	GNT1-A
KLMA_40462	YEA4
KLMA_40463	SKI2
KLMA_40465	AFG2
KLMA_40466	VPS33
KLMA_40467	COX9
KLMA_40468	COX8
KLMA_40469	CST9
KLMA_40470	IDP1
KLMA_40471	DPM1
KLMA_40472	GDB1
KLMA_40473	ATG13
KLMA_40474	PZF1
KLMA_40475	RPO26
KLMA_40477	SKI3
KLMA_40478	RPC82
KLMA_40479	QCR2
KLMA_40480	SCH9
KLMA_40481	MNL1
KLMA_40482	RPS4B
KLMA_40485	MGM101
KLMA_40486	PMT4
KLMA_40488	PPX1
KLMA_40490	HIR3
KLMA_40491	HOM6
KLMA_40492	IML1
KLMA_40493	RPN10
KLMA_40494	MET5
KLMA_40495	AIM18
KLMA_40497	TTI2
KLMA_40498	TIM8
KLMA_40500	RIX1
KLMA_40501	SGM1
KLMA_40502	XPT1
KLMA_40503	UTP9
KLMA_40504	NMD5
KLMA_40505	MDM31
KLMA_40506	EGD2
KLMA_40508	CTF8
KLMA_40509	MNS1
KLMA_40510	STR2
KLMA_40512	DAL2
KLMA_40515	TDA9
KLMA_40516	DUS1
KLMA_40518	VPS70
KLMA_40519	CPR3
KLMA_40520	BLS1
KLMA_40521	VAM6
KLMA_40522	UTP21
KLMA_40523	VIP1
KLMA_40524	PRS1
KLMA_40525	BER1
KLMA_40526	FAS1
KLMA_40527	LOT5
KLMA_40528	SPE1
KLMA_40530	MTR2
KLMA_40532	PUN1
KLMA_40533	PXA2
KLMA_40534	VPS36
KLMA_40535	HYM1
KLMA_40536	NPY1
KLMA_40537	PGC1
KLMA_40538	SGF73
KLMA_40539	ALG2
KLMA_40542	RKM1
KLMA_40543	IPL1
KLMA_40544	MRH4
KLMA_40545	SRP72
KLMA_40546	NIP7
KLMA_40547	PUS1
KLMA_40548	RSM23
KLMA_40549	CEG1
KLMA_40550	SNT2
KLMA_40551	LEA1
KLMA_40552	THI6
KLMA_40553	CBP3
KLMA_40554	ITC1
KLMA_40555	BMS1
KLMA_40556	SAR1
KLMA_40558	RPL10A
KLMA_40559	MRM2
KLMA_40560	SEC27
KLMA_40562	FLC1
KLMA_40565	FMP40
KLMA_40566	SRC1
KLMA_40567	TOM1
KLMA_40568	RAD52
KLMA_40569	NDC1
KLMA_40570	NHX1
KLMA_40571	GUK1
KLMA_40572	RCF1
KLMA_40573	USA1
KLMA_40574	TSA1
KLMA_40575	PPN1
KLMA_40576	YOX1
KLMA_40577	rps13
KLMA_40578	YML6
KLMA_40579	UTP6
KLMA_40580	ADA2
KLMA_40581	RPS17A
KLMA_40583	DLD1
KLMA_40585	SSN2
KLMA_40586	NSE5
KLMA_40587	APT1
KLMA_40588	DOT1
KLMA_40589	UNG1
KLMA_40592	OST6
KLMA_40594	PSP2
KLMA_40595	GPI19
KLMA_40596	PPZ1
KLMA_40597	PPM1
KLMA_40598	TAF11
KLMA_40599	GPI17
KLMA_40600	TRM9
KLMA_40601	UBX2
KLMA_40602	NPL3
KLMA_40603	CYM1
KLMA_40604	ERV25
KLMA_40605	RAD33
KLMA_40606	SPT5
KLMA_40608	TIF35
KLMA_40609	RPN9
KLMA_40610	SNX41
KLMA_40611	KIF1C
KLMA_40612	NCS6
KLMA_40613	ZRG8
KLMA_40614	FIR1
KLMA_40616	SMB1
KLMA_40618	GAL83
KLMA_40619	PRP43
KLMA_40620	COQ8
KLMA_40624	adh
KLMA_40625	THI4
KLMA_40627	GEX1
KLMA_40630	TY2B-GR2
KLMA_50005	GTT1
KLMA_50006	PEX22
KLMA_50007	RAD17
KLMA_50008	RPS12
KLMA_50009	GPB1
KLMA_50010	NDD1
KLMA_50011	NUD1
KLMA_50012	ALD4
KLMA_50013	cal1
KLMA_50014	ECM1
KLMA_50016	BDH1
KLMA_50017	BDH2
KLMA_50019	GDH3
KLMA_50020	FRE3
KLMA_50022	GDE1
KLMA_50024	CAR1
KLMA_50025	PEX25
KLMA_50026	TOA1
KLMA_50027	SLK19
KLMA_50030	BEM3
KLMA_50032	HGT1
KLMA_50033	HOS3
KLMA_50034	MCA1
KLMA_50035	BFR1
KLMA_50036	IDI1
KLMA_50037	MRM1
KLMA_50038	HIS3
KLMA_50040	AGP1
KLMA_50041	DED1
KLMA_50042	TFB2
KLMA_50043	RET1
KLMA_50044	MEI5
KLMA_50045	NOC2
KLMA_50046	GEP3
KLMA_50047	VPS30
KLMA_50048	RNR1
KLMA_50049	THI72
KLMA_50050	SHM1
KLMA_50051	VPS21
KLMA_50052	RIF1
KLMA_50053	CHK1
KLMA_50054	UBX7
KLMA_50056	HSM3
KLMA_50057	MTR4
KLMA_50059	RTK1
KLMA_50060	PEP8
KLMA_50061	TIM54
KLMA_50062	ABF2
KLMA_50063	IKS1
KLMA_50064	BIT61
KLMA_50065	BTN1
KLMA_50067	BNA3
KLMA_50068	FMP21
KLMA_50069	NUP82
KLMA_50070	MRPL37
KLMA_50071	LAS21
KLMA_50072	REI1
KLMA_50073	TSC10
KLMA_50075	MRPL8
KLMA_50076	cysB
KLMA_50077	PPS1
KLMA_50078	DPB3
KLMA_50079	MPM1
KLMA_50080	CPS1
KLMA_50081	PAF1
KLMA_50083	SAF1
KLMA_50084	DUG2
KLMA_50085	UTP18
KLMA_50086	MRPL27
KLMA_50087	SSH1
KLMA_50088	AIM5
KLMA_50089	TAE1
KLMA_50090	RGD1
KLMA_50094	POP4
KLMA_50095	AIM22
KLMA_50096	PTR3
KLMA_50099	RPA43
KLMA_50100	MTW1
KLMA_50102	TEA1
KLMA_50103	KRE5
KLMA_50104	ALA1
KLMA_50105	POP5
KLMA_50106	PRP45
KLMA_50107	GIP4
KLMA_50108	MRS2
KLMA_50109	VMA4
KLMA_50110	MIP1
KLMA_50111	SCD5
KLMA_50112	SNC2
KLMA_50113	MYO2
KLMA_50115	SAW1
KLMA_50117	PRO2
KLMA_50118	DRS2
KLMA_50119	MAK16
KLMA_50120	LTE1
KLMA_50122	LDB19
KLMA_50124	AHA1
KLMA_50125	UPC2
KLMA_50126	TCP1
KLMA_50127	CDC42
KLMA_50128	GCD6
KLMA_50129	MSS4
KLMA_50132	GCD7
KLMA_50133	SEC72
KLMA_50139	fnx1
KLMA_50140	ENP2
KLMA_50141	GTR2
KLMA_50142	TIF4632
KLMA_50143	RPT6
KLMA_50144	ALG13
KLMA_50145	GET1
KLMA_50146	CKB1
KLMA_50147	JAC1
KLMA_50148	ATE1
KLMA_50149	KAP122
KLMA_50151	ARO8
KLMA_50152	HIR1
KLMA_50154	LEU1
KLMA_50155	SLA1
KLMA_50157	SCL1
KLMA_50161	DAK1
KLMA_50162	POB3
KLMA_50163	ITT1
KLMA_50165	ERV41
KLMA_50166	SMA2
KLMA_50167	ECM7
KLMA_50168	ORC1
KLMA_50170	RPS1
KLMA_50172	SEC39
KLMA_50173	PIF1
KLMA_50174	OGG1
KLMA_50175	MRPL4
KLMA_50176	LSM3
KLMA_50177	NTE1
KLMA_50178	CAR2
KLMA_50179	DIF1
KLMA_50181	TSR2
KLMA_50182	CMP2
KLMA_50183	IMD4
KLMA_50184	IMD3
KLMA_50185	ATG23
KLMA_50186	SEN1
KLMA_50187	RPB2
KLMA_50188	MRP20
KLMA_50189	ORM1
KLMA_50190	ACB1
KLMA_50191	KAP95
KLMA_50192	CAX4
KLMA_50194	RPL26B
KLMA_50195	TIM21
KLMA_50196	GAS2
KLMA_50197	FKS1
KLMA_50200	RPP0
KLMA_50203	VRP1
KLMA_50206	ERV1
KLMA_50207	MSP1
KLMA_50208	SGD1
KLMA_50209	NUP2
KLMA_50210	RPS25B
KLMA_50212	THG1
KLMA_50214	RPA135
KLMA_50215	CWP1
KLMA_50216	YJU2
KLMA_50217	YJU3
KLMA_50219	NAM7
KLMA_50220	BUD2
KLMA_50221	SEC14
KLMA_50222	PTK2
KLMA_50223	PEX1
KLMA_50225	APS2
KLMA_50226	CDC8
KLMA_50227	CDC14
KLMA_50228	ECO1
KLMA_50229	DAS2
KLMA_50230	TCM62
KLMA_50231	GCV1
KLMA_50232	SAM3
KLMA_50233	QDR3
KLMA_50234	CST26
KLMA_50235	FAT1
KLMA_50236	FIG1
KLMA_50237	ATP3
KLMA_50238	KCS1
KLMA_50239	DAD1
KLMA_50241	PDX3
KLMA_50243	PSF1
KLMA_50244	HMT1
KLMA_50245	RPL4B
KLMA_50246	RKM3
KLMA_50247	MRP49
KLMA_50248	TPK1
KLMA_50250	MCD4
KLMA_50253	PIR1
KLMA_50254	PIR1
KLMA_50255	PIR3
KLMA_50256	FAR1
KLMA_50257	SSY5
KLMA_50258	FBP26
KLMA_50259	VPS35
KLMA_50260	CCP1
KLMA_50261	SWE1
KLMA_50262	RPS22
KLMA_50264	RPS14
KLMA_50265	SOP4
KLMA_50266	BPH1
KLMA_50269	WRS1
KLMA_50270	RIB3
KLMA_50271	SUR4
KLMA_50272	ROM2
KLMA_50273	ARC18
KLMA_50274	SSQ1
KLMA_50276	ART5
KLMA_50278	VHT1
KLMA_50279	GRX8
KLMA_50280	SPT4
KLMA_50281	COX18
KLMA_50283	ADE6
KLMA_50284	ERG25
KLMA_50285	NMD4
KLMA_50286	SPR3
KLMA_50287	PEF1
KLMA_50288	RPS10A
KLMA_50290	YPK9
KLMA_50291	RRP5
KLMA_50293	MTF1
KLMA_50294	TAF7
KLMA_50295	SNF2
KLMA_50296	sdh
KLMA_50297	ILV1
KLMA_50299	PEX13
KLMA_50301	DLD1
KLMA_50302	HCR1
KLMA_50304	GLT1
KLMA_50305	UGA3
KLMA_50306	UPS1
KLMA_50308	NMT1
KLMA_50309	PWP1
KLMA_50311	NOP56
KLMA_50312	PBA1
KLMA_50313	YKE2
KLMA_50314	COQ9
KLMA_50315	SFA1
KLMA_50316	NRP1
KLMA_50317	FAP7
KLMA_50318	CDC36
KLMA_50319	MSS51
KLMA_50321	HMX1
KLMA_50322	CDC9
KLMA_50325	MRPL24
KLMA_50326	GYP5
KLMA_50330	LAC9
KLMA_50331	SGS1
KLMA_50332	SEO1
KLMA_50333	GCV2
KLMA_50336	MRPS17
KLMA_50337	RBD2
KLMA_50339	HUT1
KLMA_50340	SRP68
KLMA_50342	IQG1
KLMA_50344	HSP82
KLMA_50345	ASP1
KLMA_50347	QNS1
KLMA_50348	PPE1
KLMA_50349	APE2
KLMA_50350	MRPL35
KLMA_50351	TIM11
KLMA_50352	PTC7
KLMA_50353	NMD2
KLMA_50354	PEP7
KLMA_50356	UTP4
KLMA_50357	YCG1
KLMA_50358	IRE1
KLMA_50360	KHT2
KLMA_50361	KHT2
KLMA_50362	KHT2
KLMA_50363	RAG1
KLMA_50364	RAG1
KLMA_50365	SVF1
KLMA_50366	RRM3
KLMA_50368	PAN1
KLMA_50369	IST3
KLMA_50371	DJP1
KLMA_50373	NTF2
KLMA_50374	SEC3
KLMA_50375	MPH1
KLMA_50376	TMA20
KLMA_50377	PAC2
KLMA_50378	NUG1
KLMA_50379	HAK1
KLMA_50380	SUA7
KLMA_50381	YND1
KLMA_50382	FMP52
KLMA_50384	PMI40
KLMA_50385	NOP16
KLMA_50386	SGN1
KLMA_50387	IRC22
KLMA_50389	INP51
KLMA_50390	WBP1
KLMA_50391	GIM4
KLMA_50392	VAB2
KLMA_50393	CFD1
KLMA_50394	BET1
KLMA_50395	EPS1
KLMA_50396	YIA6
KLMA_50398	GCN4
KLMA_50399	NAS2
KLMA_50400	URM1
KLMA_50402	LEU4
KLMA_50403	EST3
KLMA_50404	APM1
KLMA_50406	DOT5
KLMA_50409	MUC1
KLMA_50411	GAS5
KLMA_50412	ADI1
KLMA_50414	PET127
KLMA_50415	AIM17
KLMA_50416	SPO11
KLMA_50417	ERP4
KLMA_50418	RPN7
KLMA_50419	CTT1
KLMA_50422	NNF2
KLMA_50424	UTP22
KLMA_50426	RPC40
KLMA_50427	PRP31
KLMA_50428	DBF2
KLMA_50429	DRN1
KLMA_50430	MRD1
KLMA_50431	VAS1
KLMA_50432	RRP46
KLMA_50433	TPC1
KLMA_50434	PIS1
KLMA_50436	RGC1
KLMA_50438	RRG8
KLMA_50439	ESP1
KLMA_50440	TEL2
KLMA_50442	MDR1
KLMA_50443	PCP1
KLMA_50444	GTF1
KLMA_50445	NOP7
KLMA_50446	SRB5
KLMA_50447	VMA21
KLMA_50450	OPT2
KLMA_50452	MRI1
KLMA_50453	fabG
KLMA_50454	CLB2
KLMA_50455	CLB5
KLMA_50457	AXL1
KLMA_50459	DUT1
KLMA_50461	DSN1
KLMA_50462	TRS20
KLMA_50463	MTC4
KLMA_50465	STS1
KLMA_50466	SQT1
KLMA_50467	RIB5
KLMA_50468	BAR1
KLMA_50469	SNL1
KLMA_50470	VID28
KLMA_50471	MET10
KLMA_50472	SMC2
KLMA_50473	RPL2
KLMA_50475	QCR6
KLMA_50476	FAF1
KLMA_50477	HIS6
KLMA_50478	RPB3
KLMA_50480	TIM44
KLMA_50482	NCE102
KLMA_50483	PHB1
KLMA_50484	APC2
KLMA_50485	DCN1
KLMA_50486	TAF12
KLMA_50487	DIP2
KLMA_50488	INO1
KLMA_50489	ZRT2
KLMA_50490	SWI5
KLMA_50492	CKI1
KLMA_50493	KGD2
KLMA_50494	SLX4
KLMA_50495	NUM1
KLMA_50496	VPS70
KLMA_50497	CTH1
KLMA_50498	GIR2
KLMA_50500	ENT5
KLMA_50501	CPR1
KLMA_50503	HOM2
KLMA_50504	RKM5
KLMA_50505	SAC3
KLMA_50506	NHA1
KLMA_50507	SSY1
KLMA_50509	NBP2
KLMA_50510	CWC15
KLMA_50511	SLS1
KLMA_50513	PUT1
KLMA_50516	SEC1
KLMA_50517	ACF2
KLMA_50519	SPE4
KLMA_50520	TRM82
KLMA_50522	SEC5
KLMA_50523	SMD3
KLMA_50524	PEP3
KLMA_50525	TAF10
KLMA_50526	CDC37
KLMA_50528	STB3
KLMA_50530	PCD1
KLMA_50533	ACS2
KLMA_50534	SEC7
KLMA_50535	URC1
KLMA_50536	ARG82
KLMA_50537	SUP35
KLMA_50546	HMO1
KLMA_50547	RSM24
KLMA_50548	NGG1
KLMA_50549	MAS1
KLMA_50550	SDH4
KLMA_50551	CSN9
KLMA_50553	PUS5
KLMA_50554	SCC2
KLMA_50555	SAS4
KLMA_50556	CDC1
KLMA_50557	SEC10
KLMA_50558	PLP1
KLMA_50559	ubi3
KLMA_50561	ATC1
KLMA_50562	UPS2
KLMA_50563	ERF2
KLMA_50565	CDD1
KLMA_50566	MAP1
KLMA_50567	CCT6
KLMA_50568	SLY1
KLMA_50569	RVB1
KLMA_50570	HST4
KLMA_50573	ARV1
KLMA_50575	VPS34
KLMA_50576	MSS116
KLMA_50577	REF2
KLMA_50578	CAB5
KLMA_50579	CBS2
KLMA_50580	RKM2
KLMA_50581	LIPB
KLMA_50582	VPS64
KLMA_50583	SPC19
KLMA_50584	RAV2
KLMA_50585	COQ4
KLMA_50586	PSY2
KLMA_50587	SPS19
KLMA_50588	GCS1
KLMA_50589	dpp1
KLMA_50590	RTT106
KLMA_50591	RIO2
KLMA_50592	SSB
KLMA_50595	PTP1
KLMA_50596	BRE4
KLMA_50599	VID27
KLMA_50600	RRG9
KLMA_50603	GYP7
KLMA_50604	RAP1
KLMA_50606	YPD1
KLMA_50607	MGS1
KLMA_50608	PHO13
KLMA_50609	ALG9
KLMA_50611	POP1
KLMA_50612	AIM6
KLMA_50613	GUD1
KLMA_50614	SSU72
KLMA_50615	ATG4
KLMA_50616	SQS1
KLMA_50618	JJJ1
KLMA_50619	URE2
KLMA_50620	ELA1
KLMA_50621	PDR16
KLMA_50622	CSL4
KLMA_50623	BNI4
KLMA_50625	FET4
KLMA_50626	SIN4
KLMA_50627	YTP1
KLMA_50628	KEX1
KLMA_50630	NAR1
KLMA_50631	ZWF
KLMA_50632	LRG1
KLMA_50633	ATG2
KLMA_50637	BIO5
KLMA_50638	Nqo2
KLMA_60002	PYD2
KLMA_60003	yxeK
KLMA_60008	HUL5
KLMA_60009	GPI10
KLMA_60010	MSS2
KLMA_60012	KIN28
KLMA_60013	MRF1
KLMA_60014	ROG1
KLMA_60015	TIP20
KLMA_60016	ASF1
KLMA_60018	UTH1
KLMA_60019	SHB17
KLMA_60020	PHO86
KLMA_60021	CPS1
KLMA_60022	PET10
KLMA_60023	NAP1
KLMA_60024	RPE1
KLMA_60025	ALB1
KLMA_60026	MTC1
KLMA_60027	FMP46
KLMA_60028	LSM1
KLMA_60029	ACAD11
KLMA_60031	TRM61
KLMA_60032	NIT2
KLMA_60033	SPT10
KLMA_60035	PBS2
KLMA_60036	TRK1
KLMA_60037	URA2
KLMA_60038	AIM23
KLMA_60041	MRS4
KLMA_60042	PEX21
KLMA_60043	TDA11
KLMA_60044	KEL1
KLMA_60047	MOS2
KLMA_60048	RTT107
KLMA_60050	PHO81
KLMA_60052	PHB2
KLMA_60055	ALG10
KLMA_60056	MTC6
KLMA_60057	PEX28
KLMA_60058	AMA1
KLMA_60059	HSV2
KLMA_60060	PET54
KLMA_60061	SKG6
KLMA_60062	IMP3
KLMA_60063	rplF
KLMA_60064	rplC
KLMA_60065	CRM1
KLMA_60066	CCH1
KLMA_60067	GPI1
KLMA_60068	RSM27
KLMA_60069	RPS0
KLMA_60070	FRE8
KLMA_60071	ZPR1
KLMA_60073	JEN1
KLMA_60074	DIP5
KLMA_60075	PDC1
KLMA_60076	STU2
KLMA_60077	TRX2
KLMA_60078	SER2
KLMA_60079	CIR1
KLMA_60082	MDE1
KLMA_60085	TDA10
KLMA_60086	TES1
KLMA_60087	ADE3
KLMA_60088	ESS1
KLMA_60089	YCH1
KLMA_60090	PCT1
KLMA_60091	GEP4
KLMA_60093	PEX10
KLMA_60094	SHE4
KLMA_60095	AKR1
KLMA_60096	EXO1
KLMA_60097	HMS1
KLMA_60099	DFG16
KLMA_60101	HSP78
KLMA_60102	YSP2
KLMA_60103	SKP1
KLMA_60104	PEX3
KLMA_60106	LRP1
KLMA_60107	UBX5
KLMA_60108	GPI8
KLMA_60109	KSP1
KLMA_60110	IRC3
KLMA_60111	SAM35
KLMA_60112	STE12
KLMA_60113	GPI18
KLMA_60114	COQ1
KLMA_60115	RER2
KLMA_60116	YRB1
KLMA_60117	NTH1
KLMA_60118	HTB1
KLMA_60120	RMD1
KLMA_60121	NHP10
KLMA_60122	UTP20
KLMA_60125	gabD
KLMA_60126	RAD57
KLMA_60127	MAF1
KLMA_60128	HHF1
KLMA_60129 KLMA_80119	HHT1
KLMA_60130	TRP1
KLMA_60131	IPP1
KLMA_60132	APC11
KLMA_60133	GRX7
KLMA_60134	MNN2
KLMA_60135	MDM20
KLMA_60136	BRX1
KLMA_60139	AVO1
KLMA_60140	REX4
KLMA_60141	IRA2
KLMA_60142	EOS1
KLMA_60143	TPM2
KLMA_60144	MGA2
KLMA_60145	RAM2
KLMA_60146	YVH1
KLMA_60149	SWD2
KLMA_60150	HCS1
KLMA_60151	ATP7
KLMA_60152	PUT3
KLMA_60153	URB1
KLMA_60155	DAL81
KLMA_60156	ARC19
KLMA_60157	PRP40
KLMA_60158	SEC11
KLMA_60160	CCE1
KLMA_60162	CAB3
KLMA_60163	TIM10
KLMA_60164	CYT2
KLMA_60165	GPA1
KLMA_60166	SRX1
KLMA_60167	MDH1
KLMA_60168	HOT13
KLMA_60169	AVO2
KLMA_60171	SOV1
KLMA_60172	RRP14
KLMA_60173	TEF4
KLMA_60175	VMA5
KLMA_60176	JLP1
KLMA_60177	KAR5
KLMA_60178	AEP1
KLMA_60179	DHR2
KLMA_60180	STL1
KLMA_60182	RNA14
KLMA_60183	SAM37
KLMA_60184	SEN15
KLMA_60187	FET3
KLMA_60189	BUB2
KLMA_60191	LHS1
KLMA_60192	STV1
KLMA_60193	STB2
KLMA_60194	FAR3
KLMA_60196	RSR1
KLMA_60197	RRP1
KLMA_60199	BUR6
KLMA_60203	TVP23
KLMA_60204	RRP8
KLMA_60207	IOC3
KLMA_60208	VCX1
KLMA_60209	RPA190
KLMA_60210	FUN12
KLMA_60212	RBG1
KLMA_60217	TYE7
KLMA_60218	REV1
KLMA_60219	PYK1
KLMA_60221	PUT4
KLMA_60223	CIN1
KLMA_60225	MEK1
KLMA_60226	LEU4
KLMA_60227	INP53
KLMA_60229	YAF9
KLMA_60230	TFC7
KLMA_60232	NOP15
KLMA_60233	CYB5
KLMA_60234	CEX1
KLMA_60235	DBP2
KLMA_60236	RPC19
KLMA_60237	AZF1
KLMA_60239	TRS33
KLMA_60240	BZZ1
KLMA_60242	DMA2
KLMA_60243	MLS1
KLMA_60244	RTM1
KLMA_60245	DCP2
KLMA_60246	NCS2
KLMA_60247	COX23
KLMA_60248	TOM70
KLMA_60250	NMA111
KLMA_60251	ORC6
KLMA_60252	SET1
KLMA_60253	MSH1
KLMA_60254	NAF1
KLMA_60256	ESBP6
KLMA_60257	SPC98
KLMA_60258	FAR11
KLMA_60259	LSM12
KLMA_60260	TEP1
KLMA_60261	NRK1
KLMA_60263	CPT1
KLMA_60265	NAT10
KLMA_60266	NDT80
KLMA_60267	FYV6
KLMA_60271	ETR1
KLMA_60272	MNN2
KLMA_60274	YPK3
KLMA_60275	CDS1
KLMA_60276	PRP9
KLMA_60277	DBP10
KLMA_60278	SLM3
KLMA_60279	MET22
KLMA_60280	GPR1
KLMA_60281	INP54
KLMA_60282	RIB2
KLMA_60283	RNT1
KLMA_60284	ISW2
KLMA_60286	CPA1
KLMA_60287	RAX1
KLMA_60288	DFG5
KLMA_60289	BUD7
KLMA_60290	TAF9
KLMA_60291	MBF1
KLMA_60292	RNA1
KLMA_60294	TIM18
KLMA_60295	STE2
KLMA_60296	BST1
KLMA_60297	EPL1
KLMA_60298	BUD27
KLMA_60300	OSW2
KLMA_60301	FRS2
KLMA_60303	FCF2
KLMA_60304	CLU1
KLMA_60305	VPS24
KLMA_60308	APM2
KLMA_60310	NFU1
KLMA_60311	PTM1
KLMA_60312	URC4
KLMA_60314	engD
KLMA_60315	OTU2
KLMA_60316	RGT1
KLMA_60317	UGP1
KLMA_60318	TUL1
KLMA_60320	PRS3
KLMA_60321	ETP1
KLMA_60322	TTI1
KLMA_60324	PDS5
KLMA_60325	RCO1
KLMA_60327	AO-I
KLMA_60328	IRC21
KLMA_60329	IXR1
KLMA_60331	TVP18
KLMA_60332	MOT3
KLMA_60334	NEM1
KLMA_60335	MAE1
KLMA_60336	TFA1
KLMA_60338	LEU5
KLMA_60339	CTP1
KLMA_60340	BSD2
KLMA_60341	SNF5
KLMA_60342	APM3
KLMA_60343	CTI6
KLMA_60344	VPS45
KLMA_60345	TCO89
KLMA_60346	PAN2
KLMA_60347	RTT10
KLMA_60349	SPC105
KLMA_60350	NUP145
KLMA_60351	NBP35
KLMA_60354	MRN1
KLMA_60356	MF(ALPHA)1
KLMA_60357	POS5
KLMA_60358	MMS2
KLMA_60359	MAD1
KLMA_60360	LCL3
KLMA_60361	GUP1
KLMA_60362	SCY1
KLMA_60364	NAB3
KLMA_60369	RSA1
KLMA_60370	FMP37
KLMA_60371	DDC1
KLMA_60372	APL5
KLMA_60373	KXD1
KLMA_60374	OXR1
KLMA_60376	SWI1
KLMA_60377	RAD1
KLMA_60378	MET12
KLMA_60379	RMI1
KLMA_60380	TRS23
KLMA_60381	SKS1
KLMA_60383	ERG10
KLMA_60385	SUV3
KLMA_60386	TRM44
KLMA_60387	PHO85
KLMA_60389	SVL3
KLMA_60390	EGD1
KLMA_60391	MET32
KLMA_60393	ISM1
KLMA_60395	SSN3
KLMA_60396	NOP4
KLMA_60397	VPS16
KLMA_60399	RMD5
KLMA_60400	SGF11
KLMA_60401	CTA1
KLMA_60402	PDAT9
KLMA_60403	CAM1
KLMA_60406	PDE1
KLMA_60407	PRE4
KLMA_60408	RTG2
KLMA_60409	ZIP2
KLMA_60410	RET2
KLMA_60411	RPN12
KLMA_60412	RAG5
KLMA_60414	DAL5
KLMA_60417	cyp524A1
KLMA_60418	BUD22
KLMA_60419	SEC59
KLMA_60420	LPD1
KLMA_60422	GIM3
KLMA_60423	ARO9
KLMA_60424	RAG8
KLMA_60425	GRE2
KLMA_60427	ADO1
KLMA_60428	TDA4
KLMA_60429	STE24
KLMA_60430	RPN3
KLMA_60431	SRB4
KLMA_60432	ILM1
KLMA_60433	JHD2
KLMA_60434	PRO3
KLMA_60435	ATP2
KLMA_60437	CAF17
KLMA_60438	RPS5
KLMA_60439	YAT2
KLMA_60441	LEU3
KLMA_60442	GCD11
KLMA_60443	SST2
KLMA_60444	BUR1
KLMA_60445	ERG13
KLMA_60446	RPM2
KLMA_60447	RSC9
KLMA_60448	KNH1
KLMA_60449	LHP1
KLMA_60451	SLC1
KLMA_60452	FBP1
KLMA_60454	ATG3
KLMA_60455	LRO1
KLMA_60456	NRM1
KLMA_60457	ERG2
KLMA_60458	CSE2
KLMA_60459	TOM40
KLMA_60460	INP1
KLMA_60461	PFK2
KLMA_60462	GLO1
KLMA_60463	PRP2
KLMA_60464	URK1
KLMA_60465	PHO91
KLMA_60468	SMM1
KLMA_60469	ACC1
KLMA_60470	TIM23
KLMA_60471	RRT12
KLMA_60472	RCF2
KLMA_60473	IMG1
KLMA_60474	BUD23
KLMA_60476	THS1
KLMA_60477	AIR1
KLMA_60482	DLD2
KLMA_60483	HNT1
KLMA_60484	CDC48
KLMA_60486	PCL2
KLMA_60487	VCX1
KLMA_60491	RPP1B
KLMA_60493	LYS21
KLMA_60494	CDC53
KLMA_60495	SRF1
KLMA_60497	VMA1
KLMA_60499	PPH21
KLMA_60501	RDI1
KLMA_60502	RBS1
KLMA_60503	UFD2
KLMA_60504	RPL35B
KLMA_60505	ARF1
KLMA_60506	NUS1
KLMA_60507	SNF3
KLMA_60508	SEC31
KLMA_60509	COA4
KLMA_60510	SCM3
KLMA_60511	CPR6
KLMA_60512	RPB1
KLMA_60514	BPL1
KLMA_60515	CRD1
KLMA_60516	CCT4
KLMA_60519	CDC123
KLMA_60520	FRE1
KLMA_60522	CRR1
KLMA_60523	COP1
KLMA_60524	SPC42
KLMA_60525	SOK2
KLMA_60526	PRI2
KLMA_60527	MSK1
KLMA_60528	RNH201
KLMA_60529	LAT1
KLMA_60531	FLX1
KLMA_60532	RPL16A
KLMA_60533	CSM2
KLMA_60534	FKH2
KLMA_60535	ASG1
KLMA_60536	TAO3
KLMA_60537	MET18
KLMA_60538	RRT14
KLMA_60539	STH1
KLMA_60540	RPL9B
KLMA_60541	KGD1
KLMA_60542	AYR1
KLMA_60543	SIM1
KLMA_60546	REB1
KLMA_60547	VPS54
KLMA_60548	REG1
KLMA_60549	PST2
KLMA_60552	ERC1
KLMA_60554	LYS14
KLMA_60555	PRP6
KLMA_60556	PHO89
KLMA_60557	mtr
KLMA_70003	HXT15
KLMA_70007	FCY2
KLMA_70010 KLMA_80422 KLMA_80425	ARR3
KLMA_70013	VBA2
KLMA_70014	AMD1
KLMA_70015	PFA5
KLMA_70016	ENV9
KLMA_70017	CDC60
KLMA_70019	PET20
KLMA_70021	AIM44
KLMA_70022	TGS1
KLMA_70023	PRM4
KLMA_70024	KIP2
KLMA_70025	PEP4
KLMA_70026	SWP82
KLMA_70027	EMP47
KLMA_70029	RGD2
KLMA_70031	BOS1
KLMA_70032	FMP25
KLMA_70033	FMP32
KLMA_70034	SEC53
KLMA_70037	RPL10
KLMA_70039	BUD20
KLMA_70040	OTU1
KLMA_70041	RFU1
KLMA_70043	RGR1
KLMA_70044	SOR1
KLMA_70045	FET5
KLMA_70046	MEF1
KLMA_70047	FYV7
KLMA_70048	PET309
KLMA_70049	SPC3
KLMA_70051	ACT
KLMA_70054	YPT1
KLMA_70055	PER33
KLMA_70056	TUB2
KLMA_70058	RPO41
KLMA_70059	MOB2
KLMA_70061	ATP10
KLMA_70063	PEX19
KLMA_70064	UBC9
KLMA_70067	STE23
KLMA_70068	RPS29
KLMA_70069	TSR1
KLMA_70070	REH1
KLMA_70071	VAC14
KLMA_70072	SWC7
KLMA_70073	IKI3
KLMA_70074	RAD59
KLMA_70075	USO1
KLMA_70076	SMC6
KLMA_70077	NAM2
KLMA_70078	CTF3
KLMA_70079	CSR1
KLMA_70081	MBP1
KLMA_70082	MPG1
KLMA_70083	FUI1
KLMA_70084	VPS25
KLMA_70086	URA7
KLMA_70087	SOD1
KLMA_70091	ERD2
KLMA_70092	PRE7
KLMA_70093	CPS1
KLMA_70095	COR1
KLMA_70096	PSY4
KLMA_70097	RSM7
KLMA_70099	EDE1
KLMA_70100	NNF1
KLMA_70102	YMR1
KLMA_70103	MOH1
KLMA_70104	CFL1
KLMA_70105	CFL1
KLMA_70106	SEC17
KLMA_70108	FIP1
KLMA_70109	BUD4
KLMA_70110	JSN1
KLMA_70111	GRR1
KLMA_70113	TIF5
KLMA_70115	EMC2
KLMA_70116	TIP41
KLMA_70117	ERV2
KLMA_70120	CSN12
KLMA_70122	VMA13
KLMA_70123	GLN1
KLMA_70124	ARP7
KLMA_70125	EAF6
KLMA_70126	AIM24
KLMA_70127	HARS
KLMA_70129	SRO77
KLMA_70130	PKC1
KLMA_70131	SEA4
KLMA_70132	NTO1
KLMA_70133	RTG3
KLMA_70134	SFT2
KLMA_70136	ECM21
KLMA_70137	APL4
KLMA_70138	YOP1
KLMA_70139	ATH1
KLMA_70140	ATP1
KLMA_70141	CCL1
KLMA_70142	YME1
KLMA_70144	BRN1
KLMA_70145	ywtG
KLMA_70147	GLO3
KLMA_70148	ROX3
KLMA_70149	RPL32
KLMA_70150	MAP2
KLMA_70152	AVT6
KLMA_70153	SHO1
KLMA_70154	TEL1
KLMA_70155	RPL23B
KLMA_70158	PFS2
KLMA_70159	PFK27
KLMA_70160	MED7
KLMA_70161	HRT1
KLMA_70162	PHA2
KLMA_70163	ATP11
KLMA_70165	EMW1
KLMA_70166	ALR1
KLMA_70167	TDA2
KLMA_70168	SEC6
KLMA_70170	RNR1
KLMA_70171	FIS1
KLMA_70172	EFM4
KLMA_70173	YRB2
KLMA_70174	ARC15
KLMA_70175	ARG5,6
KLMA_70176	SNP1
KLMA_70177	MOT2
KLMA_70178	RGI1
KLMA_70179	ICL1
KLMA_70180	VHR1
KLMA_70182	THO1
KLMA_70183	RHR2
KLMA_70184	CEM1
KLMA_70185	DFG10
KLMA_70186	FCY2
KLMA_70187	PCL6
KLMA_70188	PET117
KLMA_70189	MMF1
KLMA_70190	RPL34B
KLMA_70191	NEO1
KLMA_70192	SOL1
KLMA_70193	ABZ1
KLMA_70194	HUB1
KLMA_70195	PPG1
KLMA_70196	SSK2
KLMA_70197	RSA4
KLMA_70198	IMG2
KLMA_70199	ALG12
KLMA_70201	CPR4
KLMA_70202	TOM20
KLMA_70204	SYT1
KLMA_70205	RDS3
KLMA_70206	ASR1
KLMA_70207	TWF1
KLMA_70210	MEC1
KLMA_70211	CKS1
KLMA_70212	HSL7
KLMA_70214	AGP2
KLMA_70215	RVB2
KLMA_70216	VMA11
KLMA_70217	NSL1
KLMA_70218	SSO1
KLMA_70219	FAS2
KLMA_70220	USV1
KLMA_70222	CET1
KLMA_70223	ALG5
KLMA_70224	SPT21
KLMA_70225	NEW1
KLMA_70228	MMT1
KLMA_70229	ECM5
KLMA_70231	TUB4
KLMA_70232	LDB17
KLMA_70234	RPN5
KLMA_70235	NOP14
KLMA_70236	ATG9
KLMA_70237	RPC53
KLMA_70238	SAS10
KLMA_70239	MSH5
KLMA_70240	CLB4
KLMA_70241	MNN5
KLMA_70246	STE7
KLMA_70248	DHH1
KLMA_70249	PNP1
KLMA_70250	SEC13
KLMA_70251	HRD3
KLMA_70254	ENT2
KLMA_70255	NOP10
KLMA_70256	DAD4
KLMA_70257	OSH3
KLMA_70258	PHO84
KLMA_70260	TUB1
KLMA_70261	ALO1
KLMA_70262	PGA3
KLMA_70263	UFO1
KLMA_70264	ORC4
KLMA_70265	TIF3
KLMA_70266	FMP27
KLMA_70268	RHO1
KLMA_70271	MET16
KLMA_70272	NUT2
KLMA_70273	JIP5
KLMA_70279	VPS4
KLMA_70281	ASN1
KLMA_70282	NOC4
KLMA_70283	PPT1
KLMA_70284	RRP15
KLMA_70285	KAR3
KLMA_70286	TAZ1
KLMA_70287	LOA1
KLMA_70289	MEP3
KLMA_70290	RRP9
KLMA_70291	CTF4
KLMA_70293	NUP57
KLMA_70296	IWS1
KLMA_70297	rps12
KLMA_70299	NAT3
KLMA_70300	SCD6
KLMA_70301	ANT1
KLMA_70302	YLH47
KLMA_70304	SPT6
KLMA_70305	CTR1
KLMA_70306	DAM1
KLMA_70307	SHY1
KLMA_70308	MRPS5
KLMA_70310	AFG3
KLMA_70311	BIM1
KLMA_70312	FAA2
KLMA_70313	HEM14
KLMA_70314	PRP22
KLMA_70315	PRE1
KLMA_70316	PRI1
KLMA_70318	MDM38
KLMA_70320	RPR2
KLMA_70322	PRE6
KLMA_70325	SLT2
KLMA_70326	VPS15
KLMA_70327	SMK1
KLMA_70329	RXT2
KLMA_70330	PBY1
KLMA_70331	TIM12
KLMA_70332	NHP6
KLMA_70334	POL30
KLMA_70335	MAK3
KLMA_70337	ATG11
KLMA_70338	TAH18
KLMA_70339	pheS
KLMA_70341	RFC5
KLMA_70342	APL3
KLMA_70344	IST2
KLMA_70346	POL12
KLMA_70347	STU1
KLMA_70349	RIB1
KLMA_70351	HEK2
KLMA_70352	SHE1
KLMA_70354	AAC
KLMA_70358	RPL19B
KLMA_70359	MIS1
KLMA_70361	TEC1
KLMA_70362	MAK21
KLMA_70365	UBC4
KLMA_70366	SPT7
KLMA_70367	YOS9
KLMA_70369	HTD2
KLMA_70370	IPK1
KLMA_70371	DYS1
KLMA_70372	OMS1
KLMA_70373	RRP4
KLMA_70374	TRM5
KLMA_70375	PCL5
KLMA_70376	ARL3
KLMA_70377	PHO8
KLMA_70378	MNN9
KLMA_70380	RAI1
KLMA_70381	PTR2
KLMA_70382	PTR2
KLMA_70383	PTR2
KLMA_70384	UGA4
KLMA_70385	PAN6
KLMA_70386	NDC80
KLMA_70387	SSL2
KLMA_70390	SRP40
KLMA_70392	LPX1
KLMA_70394	PXL1
KLMA_70395	PUS4
KLMA_70396	MID1
KLMA_70397	RFC3
KLMA_70398	PCL1
KLMA_70399	CAF40
KLMA_70400	SEC21
KLMA_70401	NPC2
KLMA_70402	EMI5
KLMA_70403	MRP10
KLMA_70404	FAD1
KLMA_70405	MTF2
KLMA_70406	NBA1
KLMA_70407	AGC1
KLMA_70409	EAF3
KLMA_70410	YCK3
KLMA_70411	DSE1
KLMA_70412	RSP5
KLMA_70413	MPT5
KLMA_70414	NSA2
KLMA_70415	LCP5
KLMA_70416	VFA1
KLMA_70417	NOP9
KLMA_70418	MRP8
KLMA_70419	LTV1
KLMA_70421	RPC25
KLMA_70422	RPT1
KLMA_70424	AVT3
KLMA_70425	MBB1
KLMA_70426	FOX2
KLMA_70427	KTR1
KLMA_70429	ICL2
KLMA_70432	YFH7
KLMA_70435	AIM45
KLMA_70439	SAD1
KLMA_70440	RPN11
KLMA_70442	NIC96
KLMA_70443	PDH1
KLMA_70444	CIT3
KLMA_70445	LOC1
KLMA_70446	HAT1
KLMA_70447	SNF8
KLMA_70448	DEG1
KLMA_70449	SPB4
KLMA_70450	ULA1
KLMA_70451	LSP1
KLMA_70455	ADY2
KLMA_70456	FRE3
KLMA_70457	yxeK
KLMA_70458	ywnB
KLMA_70459	MCH2
KLMA_70462	FCY2
KLMA_80002	TY2B-C
KLMA_80003	TY2B-GR1
KLMA_80005	LAC12
KLMA_80006	UGA4
KLMA_80007	UGA4
KLMA_80010	NUC1
KLMA_80011	PHR1
KLMA_80014	hyuA
KLMA_80015	THI72
KLMA_80016	DIM1
KLMA_80018	plc1
KLMA_80019	HSP31
KLMA_80020	KAR9
KLMA_80021	MDL2
KLMA_80023	POL5
KLMA_80024	HAT2
KLMA_80025	KEL3
KLMA_80026	PCM1
KLMA_80027	SOM1
KLMA_80028	FUM1
KLMA_80029	PRB1
KLMA_80030	UTP23
KLMA_80031	CIN8
KLMA_80032	NPR2
KLMA_80033	LIG4
KLMA_80034	TSR3
KLMA_80036	SGT2
KLMA_80037	ALG6
KLMA_80038	Pir
KLMA_80039	YPT7
KLMA_80040	PHO80
KLMA_80041	RRP6
KLMA_80042	IZH2
KLMA_80043	RIT1
KLMA_80044	AEP2
KLMA_80045	GPI12
KLMA_80046	CAT8
KLMA_80047	NAB6
KLMA_80048	CTSD
KLMA_80049	VAN1
KLMA_80050	SAM4
KLMA_80051	PGM3
KLMA_80052	FPR1
KLMA_80054	HIP1
KLMA_80056	tsc2
KLMA_80057	SUI2
KLMA_80059	GAP3
KLMA_80061	MET3
KLMA_80062	MNN1
KLMA_80063	MNN1
KLMA_80064	MNN1
KLMA_80065	PDX1
KLMA_80066	XKS1
KLMA_80068	mcfL
KLMA_80069	SAG1
KLMA_80071	HOL1
KLMA_80072	SSL1
KLMA_80074	THI73
KLMA_80075	CMS1
KLMA_80077	APL1
KLMA_80078	SSK1
KLMA_80079	NSE1
KLMA_80080	PAM18
KLMA_80081	RLP24
KLMA_80083	AHC1
KLMA_80087	HSP10
KLMA_80088	PRP3
KLMA_80089	TMA17
KLMA_80091	RRP42
KLMA_80092	TRM3
KLMA_80093	ATG20
KLMA_80095	IWR1
KLMA_80096	RPL9B
KLMA_80098	NUP84
KLMA_80099	ARO2
KLMA_80100	CYK3
KLMA_80101	ywtG
KLMA_80102	INO80
KLMA_80103	NUT1
KLMA_80104	PEX14
KLMA_80105	LYS5
KLMA_80107	CDC43
KLMA_80109	YFH1
KLMA_80111	UBP1
KLMA_80112	PUB1
KLMA_80113	CAB2
KLMA_80114	SAM50
KLMA_80115	CRZ1
KLMA_80116	SDS3
KLMA_80117	KTR5
KLMA_80118	HHF1
KLMA_80120	AIM19
KLMA_80121	SIW14
KLMA_80122	AVT7
KLMA_80123	lag1
KLMA_80124	SSN8
KLMA_80125	ICE2
KLMA_80126	UTP25
KLMA_80127	RSM25
KLMA_80128	EFM6
KLMA_80129	FAP1
KLMA_80130	LYS12
KLMA_80132	HDA1
KLMA_80133	PRK1
KLMA_80135	BDP1
KLMA_80138	FYV10
KLMA_80139	IDH1
KLMA_80141	SGA1
KLMA_80142	NCE103
KLMA_80143	XBP1
KLMA_80144	COG6
KLMA_80145	DPH1
KLMA_80146	SHQ1
KLMA_80147	BOP3
KLMA_80148	YIP3
KLMA_80150	SLM1
KLMA_80151	ALG11
KLMA_80152	MOB1
KLMA_80153	PFK26
KLMA_80155	SEC24
KLMA_80157	COG5
KLMA_80158	HPM1
KLMA_80159	COX5A
KLMA_80160	HOS4
KLMA_80161	MSG5
KLMA_80162	VAC7
KLMA_80163	POR1
KLMA_80164	NUP159
KLMA_80165	HIS5
KLMA_80166	OCA2
KLMA_80168	RHO3
KLMA_80169	ARP5
KLMA_80170	NOP2
KLMA_80171	TRM6
KLMA_80172	MTQ1
KLMA_80173	DNAJA1
KLMA_80174	AQR1
KLMA_80175	QDR2
KLMA_80177	SFC1
KLMA_80178	CPA2
KLMA_80179	MCH4
KLMA_80181	ZUO1
KLMA_80182	ERV29
KLMA_80183	GLC8
KLMA_80185	BGL2
KLMA_80186	NIP1
KLMA_80188	YOR1
KLMA_80189	RDS1
KLMA_80190	RDS1
KLMA_80191	mug70
KLMA_80193	PSE1
KLMA_80194	PXR1
KLMA_80195	GAS1
KLMA_80196	GAS1
KLMA_80197	FKS3
KLMA_80198	SCW4
KLMA_80199	CWC22
KLMA_80200	CAB4
KLMA_80201	UBP15
KLMA_80202	YME2
KLMA_80203	MKT1
KLMA_80204	OST3
KLMA_80205	SNN1
KLMA_80206	TCB1
KLMA_80207	TOP2
KLMA_80208	RHO2
KLMA_80209	NST1
KLMA_80210	YVC1
KLMA_80212	VPS21
KLMA_80213	PTC5
KLMA_80214	TMA46
KLMA_80216	APP1
KLMA_80217	ECM3
KLMA_80220	ARF3
KLMA_80221	RKI1
KLMA_80222	RPS7A
KLMA_80225	KTR1
KLMA_80226	CRC1
KLMA_80227	PHO23
KLMA_80228	RAS2
KLMA_80229	OST2
KLMA_80230	OCA1
KLMA_80232	AIM37
KLMA_80233	AVT4
KLMA_80234	POL1
KLMA_80235	VAM3
KLMA_80236	MET4
KLMA_80238	CYC3
KLMA_80239	MSC6
KLMA_80240	CLN3
KLMA_80242	GDS1
KLMA_80243	CIR2
KLMA_80244	CDC24
KLMA_80245	ERV46
KLMA_80246	HRP1
KLMA_80247	TRM11
KLMA_80248	YPT11
KLMA_80250	MPE1
KLMA_80252	TOA2
KLMA_80253	TAP42
KLMA_80254	NUP120
KLMA_80255	FAR8
KLMA_80257	DEF1
KLMA_80258	MDM35
KLMA_80259	ASK1
KLMA_80260	SFK1
KLMA_80261	EIS1
KLMA_80262	HOF1
KLMA_80263	CSE4
KLMA_80264	ARP9
KLMA_80265	PKH1
KLMA_80267	IZH1
KLMA_80268	MZM1
KLMA_80269	TPT1
KLMA_80270	RSM28
KLMA_80271	VPS3
KLMA_80272	PUF6
KLMA_80273	ITR2
KLMA_80274	SEC20
KLMA_80276	ERG24
KLMA_80277	SLI1
KLMA_80278	HCH1
KLMA_80281	rplO
KLMA_80284	VID24
KLMA_80285	PHO88
KLMA_80286	UBA3
KLMA_80287	ISA2
KLMA_80289	AIM3
KLMA_80290	CMD1
KLMA_80292	ALG1
KLMA_80293	HOS1
KLMA_80294	SPE3
KLMA_80295	MED1
KLMA_80296	YSA1
KLMA_80297	CYC8
KLMA_80298	RAD16
KLMA_80299	LYS2
KLMA_80300	NOT5
KLMA_80301	LTP1
KLMA_80302	TKL1
KLMA_80306	ADH3
KLMA_80308	MRL1
KLMA_80309	TEF
KLMA_80310	MUD1
KLMA_80311	CBP6
KLMA_80312	GRS1
KLMA_80313	DIB1
KLMA_80314	MRPL36
KLMA_80315	TFC1
KLMA_80316	PTC4
KLMA_80317	TPS1
KLMA_80318	amdS
KLMA_80321	AIM39
KLMA_80322	COX7
KLMA_80323	PSH1
KLMA_80324	PET111
KLMA_80325	ROY1
KLMA_80326	TY2B-LR1
KLMA_80328	TFB4
KLMA_80330	BRR1
KLMA_80331	YMC1
KLMA_80332	ARO7
KLMA_80333	JID1
KLMA_80334	FCY1
KLMA_80336	AIM10
KLMA_80337	SBH1
KLMA_80338	PIN4
KLMA_80339	ADH6
KLMA_80340	SAS3
KLMA_80341	DOT6
KLMA_80343	PTC2
KLMA_80344	TRP2
KLMA_80345	PTH2
KLMA_80346	SHP1
KLMA_80348	MET6
KLMA_80350	TSC11
KLMA_80351	AIM11
KLMA_80353	CMC2
KLMA_80354	PUP3
KLMA_80355	YEL1
KLMA_80356	RAD51
KLMA_80357	SKT5
KLMA_80358	PRX1b
KLMA_80359	SEF1
KLMA_80360	UBP13
KLMA_80361	PRS4
KLMA_80362	UBC6
KLMA_80363	AST1
KLMA_80364	DPH3
KLMA_80365	RPS8B
KLMA_80366	AAR2
KLMA_80367	SSA3
KLMA_80369	ILS1
KLMA_80372	ATG8
KLMA_80373	NUP170
KLMA_80375	PET112
KLMA_80377	GLE2
KLMA_80378	FLO8
KLMA_80379	ALG3
KLMA_80380	KAP123
KLMA_80381	SWI4
KLMA_80382	LSM4
KLMA_80383	TMN3
KLMA_80384	CDC27
KLMA_80385	BOI1
KLMA_80389	HXT14
KLMA_80390	RTC1
KLMA_80392	TIF45
KLMA_80393	VNX1
KLMA_80395	ARG8
KLMA_80396	KEI1
KLMA_80397	RIO1
KLMA_80398	RTC5
KLMA_80399	ESF1
KLMA_80400	CDC40
KLMA_80401	RPT5
KLMA_80403	RPO31
KLMA_80404	ESC2
KLMA_80405	APE4
KLMA_80407	VPS13
KLMA_80408	SDH2
KLMA_80409	ATG10
KLMA_80410	GOS1
KLMA_80411	FPS1
KLMA_80412	GUT1
KLMA_80413	RPL8B
KLMA_80414	SBP1
KLMA_80415	YBT1
KLMA_80416	MUP3
KLMA_80417	COF1
KLMA_80418	EFM1
KLMA_80419	isp4
KLMA_80427	FCY2
KLMA_90001	VAR1
KLMA_90002	COX2
KLMA_90003	COB
KLMA_90004	COX1
KLMA_90005	aI5
KLMA_90006	aI4
KLMA_90007	COX1
KLMA_90010	ATP6
KLMA_90011	COX3
