(-)-ureidoglycolate	C(C(=O)O)(NC(=O)N)O
(1->3)-beta-D-glucan	C(C1C(C(C(C(O1)O)O)O)O)O
(15S)-15-hydroxy-5,8,11-cis-13-trans-eicosatetraenoate	CCCCCC(C=CC=CCC=CCC=CCCCC(=O)O)O
(2-amino-4-hydroxy-7,8-dihydropteridin-6-yl)methyl trihydrogen diphosphate	C1C(=NC2=C(N1)N=C(NC2=O)N)COP(=O)(O)OP(=O)(O)O
(25R)-3alpha,7alpha-dihydroxy-5beta-cholestanoyl-CoA	CC(CCCC(C)C(=O)SCCNC(=O)CCNC(=O)C(C(C)(C)COP(=O)(O)OP(=O)(O)OCC1C(C(C(O1)N2C=NC3=C(N=CN=C32)N)O)OP(=O)(O)O)O)C4CCC5C4(CCC6C5C(CC7C6(CCC(C7)O)C)O)C
(2E)-5-methylhexa-2,4-dienoyl-CoA	CC(=CC=CC(=O)SCCNC(=O)CCNC(=O)C(C(C)(C)COP(=O)(O)OP(=O)(O)OCC1C(C(C(O1)N2C=NC3=C(N=CN=C32)N)O)OP(=O)(O)O)O)C
(2E)-octadecenoyl-[acp]	
(2E,6Z,9Z,12Z,15Z,18Z)-tetracosahexa-2,6,9,12,15,18-enoyl-CoA	CCCCCC=CCC=CCC=CCC=CCC=CCCC=CC(=O)SCCNC(=O)CCNC(=O)C(C(C)(C)COP(=O)(O)OP(=O)(O)OCC1C(C(C(O1)N2C=NC3=C(N=CN=C32)N)O)OP(=O)(O)O)O
(2E,6Z,9Z,12Z,15Z,18Z,21Z)-tetracosahepta-2,6,9,12,15,18,21-enoyl-CoA	CCC=CCC=CCC=CCC=CCC=CCC=CCCC=CC(=O)SCCNC(=O)CCNC(=O)C(C(C)(C)COP(=O)(O)OP(=O)(O)OCC1C(C(C(O1)N2C=NC3=C(N=CN=C32)N)O)OP(=O)(O)O)O
(2R,3R)-2,3-dihydroxy-3-methylpentanoate	CCC(C)(C(C(=O)[O-])O)O
(2R,3S)-3-isopropylmalate	CC(C)C(C(C(=O)[O-])O)C(=O)[O-]
(2S)-2-isopropyl-3-oxosuccinate	CC(C)C(C(=O)C(=O)O)C(=O)O
(2S,3R)-3-hydroxybutane-1,2,3-tricarboxylic acid	CC(C(CC(=O)O)C(=O)O)(C(=O)O)O
(2S,3S)-3-hydroxy-2-methylbutanoyl-CoA	CC(C(C)O)C(=O)SCCNC(=O)CCNC(=O)C(C(C)(C)COP(=O)(O)OP(=O)(O)OCC1C(C(C(O1)N2C=NC3=C(N=CN=C32)N)O)OP(=O)(O)O)O
(3R)-3-hydroxyacyl-CoA	
(3R)-3-hydroxybutanoyl-[acp]	
(3R)-3-hydroxydecanoyl-[acp]	
(3R)-3-hydroxyoctanoyl-[acp]	
(3R)-3-hydroxypalmitoyl-[acp]	
(3R)-3-hydroxytetradecanoyl-[acp]	
(3S)-3-hydroxyadipyl-CoA	CC(C)(COP(=O)(O)OP(=O)(O)OCC1C(C(C(O1)N2C=NC3=C(N=CN=C32)N)O)OP(=O)(O)O)C(C(=O)NCCC(=O)NCCSC(=O)CC(CCC(=O)O)O)O
(4Z,7Z,10Z,13Z,16Z,19Z)-docosahexaenoic acid	CCC=CCC=CCC=CCC=CCC=CCC=CCCC(=O)O
(4Z,7Z,10Z,13Z,16Z,19Z)-docosahexaenoyl-CoA	CCC=CCC=CCC=CCC=CCC=CCC=CCCC(=O)SCCNC(=O)CCNC(=O)C(C(C)(C)COP(=O)(O)OP(=O)(O)OCC1C(C(C(O1)N2C=NC3=C(N=CN=C32)N)O)OP(=O)(O)O)O
(5Z,8Z,11Z,14Z,17Z)-icosapentaenoic acid	CCC=CCC=CCC=CCC=CCC=CCCCC(=O)O
(5Z,8Z,11Z,14Z,17Z)-icosapentaenoyl-CoA	CCC=CCC=CCC=CCC=CCC=CCCCC(=O)SCCNC(=O)CCNC(=O)C(C(C)(C)COP(=O)(O)OP(=O)(O)OCC1C(C(C(O1)N2C=NC3=C(N=CN=C32)N)O)OP(=O)(O)O)O
(6Z,9Z,12Z)-octadecatrienoic acid	CCCCCC=CCC=CCC=CCCCCC(=O)O
(6Z,9Z,12Z,15Z,18Z)-tetracosapentaenoyl-CoA	CCCCCC=CCC=CCC=CCC=CCC=CCCCCC(=O)SCCNC(=O)CCNC(=O)C(C(C)(C)COP(=O)(O)OP(=O)(O)OCC1C(C(C(O1)N2C=NC3=C(N=CN=C32)N)O)OP(=O)(O)O)O
(6Z,9Z,12Z,15Z,18Z,21Z)-tetracosahexaenoyl-CoA	CCC=CCC=CCC=CCC=CCC=CCC=CCCCCC(=O)SCCNC(=O)CCNC(=O)C(C(C)(C)COP(=O)(O)OP(=O)(O)OCC1C(C(C(O1)N2C=NC3=C(N=CN=C32)N)O)OP(=O)(O)O)O
(8Z,11Z,14Z)-icosatrienoic acid	CCCCCC=CCC=CCC=CCCCCCCC(=O)O
(9Z,12Z,15Z)-octadecatrienoic acid	CCC=CCC=CCC=CCCCCCCCC(=O)O
(9Z,12Z,15Z)-octadecatrienoyl-CoA	CCC=CCC=CCC=CCCCCCCCC(=O)SCCNC(=O)CCNC(=O)C(C(C)(C)COP(=O)(O)OP(=O)(O)OCC1C(C(C(O1)N2C=NC3=C(N=CN=C32)N)O)OP(=O)(O)O)O
(N(omega)-L-arginino)succinic acid	C(CC(C(=O)O)N)CN=C(N)NC(CC(=O)O)C(=O)O
(R)-2,3-dihydroxy-3-methylbutanoate	CC(C)(C(C(=O)[O-])O)O
(R)-3-hydroxy-3-methyl-2-oxopentanoate	CCC(C)(C(=O)C(=O)[O-])O
(R)-3-hydroxydecanoyl-CoA	CCCCCCCC(CC(=O)SCCNC(=O)CCNC(=O)C(C(C)(C)COP(=O)(O)OP(=O)(O)OCC1C(C(C(O1)N2C=NC3=C(N=CN=C32)N)O)OP(=O)(O)O)O)O
(R)-3-hydroxydodecanoyl-[acp]	
(R)-3-hydroxyhexanoyl-[acp]	
(R)-3-hydroxylauroyl-CoA	CCCCCCCCCC(CC(=O)SCCNC(=O)CCNC(=O)C(C(C)(C)COP(=O)(O)OP(=O)(O)OCC1C(C(C(O1)N2C=NC3=C(N=CN=C32)N)O)OP(=O)(O)O)O)O
(R)-4-phosphopantothenic acid	
(R)-5-diphosphomevalonic acid	CC(CCOP(=O)(O)OP(=O)(O)O)(CC(=O)O)O
(R)-5-phosphomevalonic acid	CC(CCOP(=O)(O)O)(CC(=O)O)O
(R)-S-lactoylglutathione	CC(C(=O)SCC(C(=O)NCC(=O)O)NC(=O)CCC(C(=O)O)N)O
(R)-acetoin	CC(C(=O)C)O
(R)-carnitine	C[N+](C)(C)CC(CC(=O)[O-])O
(R)-lactaldehyde	CC(C=O)O
(R)-lactate	CC(C(=O)O)O
(R)-mevalonate	CC(CCO)(CC(=O)[O-])O
(R)-pantoate	CC(C)(CO)C(C(=O)[O-])O
(R)-pantothenate	CC(C)(CO)C(C(=O)NCCC(=O)O)O
(R,R)-2,3-butanediol	CC(C(C)O)O
(S)-1-pyrroline-5-carboxylate	C1CC(N=C1)C(=O)O
(S)-2,3-epoxysqualene	CC(=CCCC(=CCCC(=CCCC=C(C)CCC=C(C)CCC1C(O1)(C)C)C)C)C
(S)-2-acetolactate	CC(=O)C(C)(C(=O)O)O
(S)-2-acetyl-2-hydroxybutanoate	CCC(C(=O)C)(C(=O)[O-])O
(S)-2-methylbutanoyl-CoA	CCC(C)C(=O)SCCNC(=O)CCNC(=O)C(C(C)(C)COP(=O)(O)OP(=O)(O)OCC1C(C(C(O1)N2C=NC3=C(N=CN=C32)N)O)OP(=O)(O)O)O
(S)-3-hydroxybutanoyl-CoA	CC(CC(=O)SCCNC(=O)CCNC(=O)C(C(C)(C)COP(=O)(O)OP(=O)(O)OCC1C(C(C(O1)N2C=NC3=C(N=CN=C32)N)O)OP(=O)(O)O)O)O
(S)-3-hydroxyisobutyrate	CC(CO)C(=O)[O-]
(S)-3-hydroxyisobutyryl-CoA	CC(CO)C(=O)SCCNC(=O)CCNC(=O)C(C(C)(C)COP(=O)(O)OP(=O)(O)OCC1C(C(C(O1)N2C=NC3=C(N=CN=C32)N)O)OP(=O)(O)O)O
(S)-3-hydroxyoctanoyl-CoA	CCCCCC(CC(=O)SCCNC(=O)CCNC(=O)C(C(C)(C)COP(=O)(O)OP(=O)(O)OCC1C(C(C(O1)N2C=NC3=C(N=CN=C32)N)O)OP(=O)(O)O)O)O
(S)-3-hydroxypalmitoyl-CoA	CCCCCCCCCCCCCC(CC(=O)SCCNC(=O)CCNC(=O)C(C(C)(C)COP(=O)(O)OP(=O)(O)OCC1C(C(C(O1)N2C=NC3=C(N=CN=C32)N)O)OP(=O)(O)O)O)O
(S)-3-hydroxytetradecanoyl-CoA	CCCCCCCCCCCC(CC(=O)SCCNC(=O)CCNC(=O)C(C(C)(C)COP(=O)(O)OP(=O)(O)OCC1C(C(C(O1)N2C=NC3=C(N=CN=C32)N)O)OP(=O)(O)O)O)O
(S)-3-methyl-2-oxopentanoate	CCC(C)C(=O)C(=O)O
(S)-dihydroorotate	C1C(NC(=O)NC1=O)C(=O)O
(S)-hydroxyhexanoyl-CoA	CCCC(CC(=O)SCCNC(=O)CCNC(=O)C(C(C)(C)COP(=O)(O)OP(=O)(O)OCC1C(C(C(O1)N2C=NC3=C(N=CN=C32)N)O)OP(=O)(O)O)O)O
(S)-lactaldehyde	CC(C=O)O
(S)-lactate	CC(C(=O)O)O
(S)-malate	C(C(C(=O)O)O)C(=O)O
(S)-methylmalonate semialdehyde	CC(C=O)C(=O)O
(Z)-but-2-ene-1,2,3-tricarboxylate	CC(=C(CC(=O)[O-])C(=O)[O-])C(=O)[O-]
(hydroxymethylphenyl)succinyl-CoA	CC(C)(COP(=O)(O)OP(=O)(O)OCC1C(C(C(O1)N2C=NC3=C(N=CN=C32)N)O)OP(=O)(O)O)C(C(=O)NCCC(=O)NCCSC(=O)C(CC(=O)O)C(C4=CC=CC=C4)O)O
(indol-3-yl)acetamide	C1=CC=C2C(=C1)C(=CN2)CC(=O)N
1,2-diacyl-sn-glycerol	
1,2-dihydroxy-5-(methylthio)pent-1-en-3-one	CSCCC(=O)C(=CO)O
1,3-bisphospho-D-glycerate	C(C(C(=O)OP(=O)(O)O)O)OP(=O)(O)O
1-(2-carboxyphenylamino)-1-deoxy-D-ribulose 5-phosphate	C1=CC=C(C(=C1)C(=O)O)NCC(=O)C(C(COP(=O)(O)O)O)O
1-(5-phospho-D-ribosyl)-5-[(5-phospho-D-ribosylamino)methylideneamino]imidazole-4-carboxamide	
1-(5-phosphoribosyl)-5-AMP	
1-C-(indol-3-yl)glycerol 3-phosphate	C1=CC=C2C(=C1)C(=CN2)C(C(COP(=O)(O)O)O)O
1-acyl-sn-glycero-3-phosphoethanolamine	
1-acyl-sn-glycerol 3-phosphate	
1-acylglycerol	
1-acylglycerophosphocholine	
1-acylglycerophosphoinositol	
1-alkenyl-2-acylglycerol	
1-alkyl-2-acylglycerol	
1-alkyl-2-acylglycerophosphoethanolamine	
1-naphthaldehyde	C1=CC=C2C(=C1)C=CC=C2C=O
1-naphthoic acid	C1=CC=C2C(=C1)C=CC=C2C(=O)O
1-phosphatidyl-1D-myo-inositol	
1-phosphatidyl-1D-myo-inositol 3,4-bisphosphate	
1-phosphatidyl-1D-myo-inositol 3,5-bisphosphate	
1-phosphatidyl-1D-myo-inositol 3-phosphate	C(C(COP(=O)(O)OC1C(C(C(C(C1O)OP(=O)(O)O)O)O)O)C(=O)O)C(=O)O
1-phosphatidyl-1D-myo-inositol 4-phosphate	CCCCCCCCCCCCCCCC(=O)OCC(COP(=O)([O-])OC1C(C(C(C(C1O)O)OP(=O)([O-])[O-])O)O)OC(=O)CCCCCCCCCCCCCCC
1-phosphatidyl-D-myo-inositol 4,5-bisphosphate	
1-pyrroline-2-carboxylate	C1CC(=NC1)C(=O)O
1-pyrroline-3-hydroxy-5-carboxylic acid	C1C(C=NC1C(=O)O)O
10-formyl-THF	C1C(NC2=C(N1)N=C(NC2=O)N)CN(C=O)C3=CC=C(C=C3)C(=O)NC(CCC(=O)O)C(=O)O
14-demethyllanosterol	CC(CCC=C(C)C)C1CCC2C1(CCC3=C2CCC4C3(CCC(C4(C)C)O)C)C
15(S)-HPETE	CCCCCC(C=CC=CCC=CCC=CCCCC(=O)O)OO
1D-myo-Inositol bisdiphosphate tetrakisphosphate	
1D-myo-inositol 1,4,5,6-tetrakisphosphate	C1(C(C(C(C(C1OP(=O)(O)O)OP(=O)(O)O)OP(=O)(O)O)OP(=O)(O)O)O)O
1D-myo-inositol 1,4,5-trisphosphate	C1(C(C(C(C(C1OP(=O)(O)O)O)OP(=O)(O)O)OP(=O)(O)O)O)O
1D-myo-inositol 1-phosphate	C1(C(C(C(C(C1O)O)OP(=O)(O)O)O)O)O
1D-myo-inositol 3-phosphate	C1(C(C(C(C(C1O)O)OP(=O)(O)O)O)O)O
2'-deoxyadenosine	C1C(C(OC1N2C=NC3=C(N=CN=C32)N)CO)O
2'-deoxyguanosine	C1C(C(OC1N2C=NC3=C2N=C(NC3=O)N)CO)O
2'-deoxyinosine	C1C(C(OC1N2C=NC3=C2N=CNC3=O)CO)O
2'-deoxyinosine 5-phosphate	
2'-deoxyuridine	C1C(C(OC1N2C=CC(=O)NC2=O)CO)O
2,5-diamino-4-hydroxy-6-(5-phosphoribosylamino)pyrimidine	C(C1C(C(C(O1)NC2=C(C(=O)NC(=N2)N)N)O)O)OP(=O)(O)O
2,5-diamino-6-(5-phospho-D-ribitylamino)pyrimidin-4(3H)-one	C(C(C(C(COP(=O)(O)O)O)O)O)NC1=C(C(=O)NC(=N1)N)N
2,5-diamino-6-(5-triphosphoryl-3,4-trihydroxy-2-oxopentyl)-amino-4-oxopyrimidine	
2,5-diaminopyrimidine nucleoside triphosphate	C(C1C(C(C(O1)NC2=C(C(=O)NC(=N2)N)N)O)O)OP(=O)(O)OP(=O)(O)OP(=O)(O)O
2,5-dioxopentanoate	C(CC(=O)C(=O)[O-])C=O
2-(3-amino-3-carboxypropyl)-L-histidine	C1=C(NC(=N1)CCC(C(=O)O)N)CC(C(=O)O)N
2-(alpha-hydroxyethyl)thiamine diphosphate	CC1=C(SC(=[N+]1CC2=CN=C(N=C2N)C)C(C)O)CCOP(=O)(O)OP(=O)(O)O
2-[3-carboxy-3-(methylammonio)propyl]-L-histidine	C[NH2+]C(CCC1=NC=C(N1)CC(C(=O)O)N)C(=O)O
2-acetamido-5-oxopentanoate	CC(=O)NC(CCC=O)C(=O)[O-]
2-acetyllactic acid	CC(=O)C(C)(C(=O)O)O
2-acyl-sn-glycero-3-phosphoethanolamine	
2-acylglycerol	C(C(CO)OC=O)O
2-amino-6-(hydroxymethyl)-7,8-dihydropteridin-4-ol	C1C(=NC2=C(N1)N=C(NC2=O)N)CO
2-aminobut-2-enoate	CC=C(C(=O)O)N
2-butenoate	CC=CC(=O)O
2-dehydropantoate	CC(C)(CO)C(=O)C(=O)O
2-deoxy-D-ribose	C(C=O)C(C(CO)O)O
2-deoxy-D-ribose 1-phosphate	C1C(C(OC1OP(=O)(O)O)CO)O
2-deoxy-D-ribose 5-phosphate	
2-hexaprenyl-5-hydroxy-6-methoxy-3-methyl-1,4-benzoquinone	CC1=C(C(=O)C(=C(C1=O)O)OC)CC=C(C)CCC=C(C)CCC=C(C)CCC=C(C)CCC=C(C)CCC=C(C)C
2-hexaprenyl-6-methoxy-1,4-benzoquinone	CC(=CCCC(=CCCC(=CCCC(=CCCC(=CCCC(=CCC1=CC(=O)C=C(C1=O)OC)C)C)C)C)C)C
2-hexaprenyl-6-methoxy-3-methyl-1,4-benzoquinone	CC1=C(C(=O)C(=CC1=O)OC)CC=C(C)CCC=C(C)CCC=C(C)CCC=C(C)CCC=C(C)CCC=C(C)C
2-hexaprenyl-6-methoxyphenol	CC(=CCCC(=CCCC(=CCCC(=CCCC(=CCCC(=CCC1=C(C(=CC=C1)OC)O)C)C)C)C)C)C
2-hydroxy-3-keto-5-methylthiopentenyl-1-phosphate	CSCCC(=O)C(=COP(=O)(O)O)O
2-hydroxy-3-oxobutyl phosphate	CC(=O)C(COP(=O)(O)O)O
2-isopropylmalate	CC(C)C(CC(=O)O)(C(=O)O)O
2-isopropylmaleic acid	CC(C)C(=CC(=O)O)C(=O)O
2-maleylacetate	C(C(=O)C=CC(=O)O)C(=O)O
2-methylacetoacetyl-CoA	CC(C(=O)C)C(=O)SCCNC(=O)CCNC(=O)C(C(C)(C)COP(=O)(O)OP(=O)(O)OCC1C(C(C(O1)N2C=NC3=C(N=CN=C32)N)O)OP(=O)(O)O)O
2-methylbut-2-enoyl-CoA	CC=C(C)C(=O)SCCNC(=O)CCNC(=O)C(C(C)(C)COP(=O)([O-])OP(=O)([O-])OCC1C(C(C(O1)N2C=NC3=C(N=CN=C32)N)O)OP(=O)([O-])[O-])O
2-methylcitrate	CC(C(=O)O)C(CC(=O)O)(C(=O)O)O
2-methylprop-2-enoyl-CoA	CC(=C)C(=O)SCCNC(=O)CCNC(=O)C(C(C)(C)COP(=O)(O)OP(=O)(O)OCC1C(C(C(O1)N2C=NC3=C(N=CN=C32)N)O)OP(=O)(O)O)O
2-methylpropanoyl-CoA	CC(C)C(=O)SCCNC(=O)CCNC(=O)C(C(C)(C)COP(=O)(O)OP(=O)(O)OCC1C(C(C(O1)N2C=NC3=C(N=CN=C32)N)O)OP(=O)(O)O)O
2-naphthaldehyde	C1=CC=C2C=C(C=CC2=C1)C=O
2-naphthoic acid	C1=CC=C2C=C(C=CC2=C1)C(=O)O
2-oxoadipic acid	C(CC(=O)C(=O)O)CC(=O)O
2-oxobutanoate	CCC(=O)C(=O)[O-]
2-oxoglutarate	C(CC(=O)O)C(=O)C(=O)O
2-phenylacetamide	C1=CC=C(C=C1)CC(=O)N
2-phenylethanol	C1=CC=C(C=C1)CCO
2-phospho-D-glyceric acid	C(C(C(=O)O)OP(=O)(O)O)O
2-polyprenyl-3-methyl-5-hydroxy-6-methoxy-1,4-benzoquinone	
2-polyprenyl-3-methyl-6-methoxy-1,4-benzoquinone	
2-polyprenyl-6-hydroxyphenol	
2-polyprenyl-6-methoxy-1,4-benzoquinone	
2-polyprenyl-6-methoxyphenol	
3,4-dihydroxymandelaldehyde	C1=CC(=C(C=C1C(C=O)O)O)O
3,4-dihydroxymandelate	C1=CC(=C(C=C1C(C(=O)O)O)O)O
3,4-dihydroxyphenylacetaldehyde	C1=CC(=C(C=C1CC=O)O)O
3,4-dihydroxyphenylacetate	C1=CC(=C(C=C1CC(=O)O)O)O
3,4-dihydroxyphenylethyleneglycol	C1=CC(=C(C=C1C(CO)O)O)O
3,5-cyclic AMP	
3,5-cyclic GMP	
3-(4-hydroxyphenyl)pyruvate	C1=CC(=CC=C1CC(=O)C(=O)[O-])O
3-(imidazol-4-yl)-2-oxopropyl dihydrogen phosphate	C1=C(NC=N1)CC(=O)COP(=O)(O)O
3-(methylthio)propionic acid	CSCCC(=O)O
3-aminopropanal	C(CN)C=O
3-carboxy-1-hydroxypropyl-ThPP	CC1=C(SC(=[N+]1CC2=CN=C(N=C2N)C)C(CCC(=O)O)O)CCOP(=O)(O)OP(=O)(O)O
3-dehydro-4-methylzymosterol	CC1C2CCC3=C(C2(CCC1=O)C)CCC4(C3CCC4C(C)CCC=C(C)C)C
3-dehydroquinate	C1C(C(C(=O)CC1(C(=O)[O-])O)O)O
3-dehydroshikimate	C1C(C(C(=O)C=C1C(=O)O)O)O
3-dephospho-CoA	CC(C)(COP(=O)([O-])OP(=O)([O-])OCC1C(C(C(O1)N2C=NC3=C(N=CN=C32)N)O)O)C(C(=O)NCCC(=O)NCCS)O
3-fumarylpyruvate	C(C(=O)C=CC(=O)O)C(=O)C(=O)O
3-hexaprenyl-4-hydroxybenzoic acid	CC(=CCCC(=CCCC(=CCCC(=CCCC(=CCCC(=CCC1=C(C=CC(=C1)C(=O)O)O)C)C)C)C)C)C
3-hydroxy-2,6-dimethyl-5-methylene-heptanoyl-CoA	CC(C)C(=C)CC(C(C)C(=O)SCCNC(=O)CCNC(=O)C(C(C)(C)COP(=O)(O)OP(=O)(O)OCC1C(C(C(O1)N2C=NC3=C(N=CN=C32)N)O)OP(=O)(O)O)O)O
3-hydroxy-3-methyl-2-oxobutanoic acid	CC(C)(C(=O)C(=O)O)O
3-hydroxy-3-methylglutaryl-CoA	CC(C)(COP(=O)(O)OP(=O)(O)OCC1C(C(C(O1)N2C=NC3=C(N=CN=C32)N)O)OP(=O)(O)O)C(C(=O)NCCC(=O)NCCSC(=O)CC(C)(CC(=O)O)O)O
3-hydroxy-5-methylhex-4-enoyl-CoA	CC(=CC(CC(=O)SCCNC(=O)CCNC(=O)C(C(C)(C)COP(=O)(O)OP(=O)(O)OCC1C(C(C(O1)N2C=NC3=C(N=CN=C32)N)O)OP(=O)(O)O)O)O)C
3-hydroxy-L-kynurenine	C1=CC(=C(C(=C1)O)N)C(=O)CC(C(=O)O)N
3-hydroxy-N6,N6,N6-trimethyl-L-lysine	C[N+](C)(C)CCCC(C(C(=O)O)N)O
3-hydroxy-OPC4-CoA	CCC=CCC1C(CCC1=O)CC(CC(=O)SCCNC(=O)CCNC(=O)C(C(C)(C)COP(=O)(O)OP(=O)(O)OCC2C(C(C(O2)N3C=NC4=C(N=CN=C43)N)O)OP(=O)(O)O)O)O
3-hydroxy-OPC6-CoA	CCC=CCC1C(CCC1=O)CCCC(CC(=O)SCCNC(=O)CCNC(=O)C(C(C)(C)COP(=O)(O)OP(=O)(O)OCC2C(C(C(O2)N3C=NC4=C(N=CN=C43)N)O)OP(=O)(O)O)O)O
3-hydroxy-OPC8-CoA	CCC=CCC1C(CCC1=O)CCCCCC(CC(=O)SCCNC(=O)CCNC(=O)C(C(C)(C)COP(=O)(O)OP(=O)(O)OCC2C(C(C(O2)N3C=NC4=C(N=CN=C43)N)O)OP(=O)(O)O)O)O
3-hydroxybutanoyl-CoA	CC(CC(=O)SCCNC(=O)CCNC(=O)C(C(C)(C)COP(=O)(O)OP(=O)(O)OCC1C(C(C(O1)N2C=NC3=C(N=CN=C32)N)O)OP(=O)(O)O)O)O
3-hydroxyglutaryl-[acp] methyl ester	
3-hydroxyisovaleryl-CoA	CC(C)(CC(=O)SCCNC(=O)CCNC(=O)C(C(C)(C)COP(=O)(O)OP(=O)(O)OCC1C(C(C(O1)N2C=NC3=C(N=CN=C32)N)O)OP(=O)(O)O)O)O
3-hydroxyoctadecanoyl-CoA	CCCCCCCCCCCCCCCC(CC(=O)SCCNC(=O)CCNC(=O)C(C(C)(C)COP(=O)(O)OP(=O)(O)OCC1C(C(C(O1)N2C=NC3=C(N=CN=C32)N)O)OP(=O)(O)O)O)O
3-hydroxyoctadecanoyl-[acp]	
3-hydroxypimeloyl-[acp] methyl ester	
3-hydroxypropanoate	C(CO)C(=O)[O-]
3-hydroxypropionyl-CoA	CC(C)(COP(=O)(O)OP(=O)(O)OCC1C(C(C(O1)N2C=NC3=C(N=CN=C32)N)O)OP(=O)(O)O)C(C(=O)NCCC(=O)NCCSC(=O)CCO)O
3-ketosphinganine	CCCCCCCCCCCCCCCC(=O)C(CO)N
3-methoxy-4-hydroxymandelate	COC1=C(C=CC(=C1)C(C(=O)O)O)O
3-methoxy-4-hydroxyphenylacetaldehyde	COC1=C(C=CC(=C1)CC=O)O
3-methoxy-4-hydroxyphenylglycolaldehyde	COC1=C(C=CC(=C1)C(C=O)O)O
3-methyl-2-oxobutanoate	CC(C)C(=O)C(=O)O
3-methylbutanal	CC(C)CC=O
3-methylbutanoyl-CoA	CC(C)CC(=O)SCCNC(=O)CCNC(=O)C(C(C)(C)COP(=O)(O)OP(=O)(O)OCC1C(C(C(O1)N2C=NC3=C(N=CN=C32)N)O)OP(=O)(O)O)O
3-methylcrotonyl-CoA	CC(=CC(=O)SCCNC(=O)CCNC(=O)C(C(C)(C)COP(=O)(O)OP(=O)(O)OCC1C(C(C(O1)N2C=NC3=C(N=CN=C32)N)O)OP(=O)(O)O)O)C
3-oxo-OPC4-CoA	CCC=CCC1C(CCC1=O)CC(=O)CC(=O)SCCNC(=O)CCNC(=O)C(C(C)(C)COP(=O)(O)OP(=O)(O)OCC2C(C(C(O2)N3C=NC4=C(N=CN=C43)N)O)OP(=O)(O)O)O
3-oxo-OPC6-CoA	CCC=CCC1C(CCC1=O)CCCC(=O)CC(=O)SCCNC(=O)CCNC(=O)C(C(C)(C)COP(=O)(O)OP(=O)(O)OCC2C(C(C(O2)N3C=NC4=C(N=CN=C43)N)O)OP(=O)(O)O)O
3-oxo-OPC8-CoA	CCC=CCC1C(CCC1=O)CCCCCC(=O)CC(=O)SCCNC(=O)CCNC(=O)C(C(C)(C)COP(=O)(O)OP(=O)(O)OCC2C(C(C(O2)N3C=NC4=C(N=CN=C43)N)O)OP(=O)(O)O)O
3-oxoacyl-CoA	
3-oxoadipyl-CoA	CC(C)(COP(=O)(O)OP(=O)(O)OCC1C(C(C(O1)N2C=NC3=C(N=CN=C32)N)O)OP(=O)(O)O)C(C(=O)NCCC(=O)NCCSC(=O)CC(=O)CCC(=O)O)O
3-oxodecanoyl-CoA	CCCCCCCC(=O)CC(=O)SCCNC(=O)CCNC(=O)C(C(C)(C)COP(=O)(O)OP(=O)(O)OCC1C(C(C(O1)N2C=NC3=C(N=CN=C32)N)O)OP(=O)(O)O)O
3-oxodecanoyl-[acp]	
3-oxododecanoyl-[acp]	
3-oxohexadecanoyl-[acp]	
3-oxohexanoyl-CoA	CCCC(=O)CC(=O)SCCNC(=O)CCNC(=O)C(C(C)(C)COP(=O)(O)OP(=O)(O)OCC1C(C(C(O1)N2C=NC3=C(N=CN=C32)N)O)OP(=O)(O)O)O
3-oxohexanoyl-[acp]	
3-oxolauroyl-CoA	CCCCCCCCCC(=O)CC(=O)SCCNC(=O)CCNC(=O)C(C(C)(C)COP(=O)(O)OP(=O)(O)OCC1C(C(C(O1)N2C=NC3=C(N=CN=C32)N)O)OP(=O)(O)O)O
3-oxooctadecanoyl-CoA	CCCCCCCCCCCCCCCC(=O)CC(=O)SCCNC(=O)CCNC(=O)C(C(C)(C)COP(=O)(O)OP(=O)(O)OCC1C(C(C(O1)N2C=NC3=C(N=CN=C32)N)O)OP(=O)(O)O)O
3-oxooctanoyl-CoA	CCCCCC(=O)CC(=O)SCCNC(=O)CCNC(=O)C(C(C)(C)COP(=O)(O)OP(=O)(O)OCC1C(C(C(O1)N2C=NC3=C(N=CN=C32)N)O)OP(=O)(O)O)O
3-oxooctanoyl-[acp]	
3-oxopalmitoyl-CoA	CCCCCCCCCCCCCC(=O)CC(=O)SCCNC(=O)CCNC(=O)C(C(C)(C)COP(=O)(O)OP(=O)(O)OCC1C(C(C(O1)N2C=NC3=C(N=CN=C32)N)O)OP(=O)(O)O)O
3-oxopropanoate	C(C=O)C(=O)[O-]
3-oxostearoyl-[acp]	
3-oxotetradecanoyl-CoA	CCCCCCCCCCCC(=O)CC(=O)SCCNC(=O)CCNC(=O)C(C(C)(C)COP(=O)(O)OP(=O)(O)OCC1C(C(C(O1)N2C=NC3=C(N=CN=C32)N)O)OP(=O)(O)O)O
3-oxotetradecanoyl-[acp]	
3-phospho-5-adenylyl sulfate	
3-phospho-hydroxypyruvate	C(C(=O)C(=O)[O-])OP(=O)([O-])[O-]
3-phospho-serine	C(C(C(=O)O)N)OP(=O)(O)O
3-phosphoglycerate	C(C(C(=O)O)O)OP(=O)(O)O
3-phosphoshikimic acid	C1C(C(C(C=C1C(=O)O)OP(=O)(O)O)O)O
3-polyprenyl-4,5-dihydroxybenzoate	
3-polyprenyl-4-hydroxy-5-methoxybenzoate	
3-sulfino-L-alanine	C(C(C(=O)O)N)S(=O)O
3-sulfinylpyruvate	C(C(=O)C(=O)O)S(=O)O
3-sulfopyruvate	C(C(=O)C(=O)O)S(=O)(=O)O
3-ureidoisobutyrate	CC(CNC(=O)N)C(=O)O
3-ureidopropionate	C(CNC(=O)N)C(=O)O
3alpha,7alpha,12alpha,24-tetrahydroxy-5beta-cholestanoyl-CoA	CC(CCC(C(C)C(=O)SCCNC(=O)CCNC(=O)C(C(C)(C)COP(=O)(O)OP(=O)(O)OCC1C(C(C(O1)N2C=NC3=C(N=CN=C32)N)O)OP(=O)(O)O)O)O)C4CCC5C4(C(CC6C5C(CC7C6(CCC(C7)O)C)O)O)C
3alpha,7alpha,12alpha-trihydroxy-5beta-24-oxocholestanoyl-CoA	CC(CCC(=O)C(C)C(=O)SCCNC(=O)CCNC(=O)C(C(C)(C)COP(=O)(O)OP(=O)(O)OCC1C(C(C(O1)N2C=NC3=C(N=CN=C32)N)O)OP(=O)(O)O)O)C4CCC5C4(C(CC6C5C(CC7C6(CCC(C7)O)C)O)O)C
3alpha,7alpha,24-trihydroxy-5beta-cholestanoyl-CoA	CC(CCC(C(C)C(=O)SCCNC(=O)CCNC(=O)C(C(C)(C)COP(=O)(O)OP(=O)(O)OCC1C(C(C(O1)N2C=NC3=C(N=CN=C32)N)O)OP(=O)(O)O)O)O)C4CCC5C4(CCC6C5C(CC7C6(CCC(C7)O)C)O)C
3alpha,7alpha,26-trihydroxy-5beta-cholestane	CC(CCCC(C)C1CCC2C1(CCC3C2C(CC4C3(CCC(C4)O)C)O)C)CO
3alpha,7alpha-dihydroxy-5beta-24-oxocholestanoyl-CoA	CC(CCC(=O)C(C)C(=O)SCCNC(=O)CCNC(=O)C(C(C)(C)COP(=O)(O)OP(=O)(O)OCC1C(C(C(O1)N2C=NC3=C(N=CN=C32)N)O)OP(=O)(O)O)O)C4CCC5C4(CCC6C5C(CC7C6(CCC(C7)O)C)O)C
3alpha,7alpha-dihydroxy-5beta-cholestan-26-al	CC(CCCC(C)C1CCC2C1(CCC3C2C(CC4C3(CCC(C4)O)C)O)C)C=O
3alpha,7alpha-dihydroxy-5beta-cholestanate	CC(CCCC(C)C(=O)O)C1CCC2C1(CCC3C2C(CC4C3(CCC(C4)O)C)O)C
3alpha,7alpha-dihydroxy-5beta-cholestanoyl-CoA	CC(CCCC(C)C(=O)SCCNC(=O)CCNC(=O)C(C(C)(C)COP(=O)(O)OP(=O)(O)OCC1C(C(C(O1)N2C=NC3=C(N=CN=C32)N)O)OP(=O)(O)O)O)C4CCC5C4(CCC6C5C(CC7C6(CCC(C7)O)C)O)C
4,4-dimethyl-5alpha-cholesta-8,14,24-trien-3beta-ol	CC(CCC=C(C)C)C1CC=C2C1(CCC3=C2CCC4C3(CCC(C4(C)C)O)C)C
4-(2-amino-3-hydroxyphenyl)-2,4-dioxobutanoate	C1=CC(=C(C(=C1)O)N)C(=O)CC(=O)C(=O)O
4-(2-aminophenyl)-2,4-dioxobutanoate	C1=CC=C(C(=C1)C(=O)CC(=O)C(=O)O)N
4-(N-nitrosomethylamino)-1-(3-pyridyl)-1-butanone	CN(CCCC(=O)C1=CN=CC=C1)N=O
4-(methylnitrosamino)-1-(3-pyridyl)-1-butanol	CN(CCCC(C1=CN=CC=C1)O)N=O
4-amino-2-methyl-5-diphosphomethylpyrimidine	CC1=NC=C(C(=N1)N)COP(=O)(O)OP(=O)(O)O
4-amino-2-methyl-5-phosphomethylpyrimidine	CC1=NC=C(C(=N1)N)COP(=O)(O)O
4-amino-4-deoxychorismate	C=C(C(=O)O)OC1C=C(C=CC1N)C(=O)O
4-amino-5-hydroxymethyl-2-methylpyrimidine	CC1=NC=C(C(=N1)N)CO
4-aminobenzoate	C1=CC(=CC=C1C(=O)[O-])N
4-aminobutanal	C(CC=O)CN
4-fluoromuconolactone	C1=CC(OC1=O)(CC(=O)O)F
4-glutathionyl cyclophosphamide	C1COP(=O)(NC1SCC(C(=O)NCC(=O)O)NC(=O)CCC(C(=O)O)N)N(CCCl)CCCl
4-guanidinobutanamide	C(CC(=O)N)CN=C(N)N
4-guanidinobutanoic acid	C(CC(=O)O)CN=C(N)N
4-hydroxy-3-polyprenylbenzoate	
4-hydroxybenzoate	C1=CC(=CC=C1C(=O)O)[O-]
4-hydroxyphenylacetaldehyde	C1=CC(=CC=C1CC=O)O
4-hydroxyphenylacetate	C1=CC(=CC=C1CC(=O)O)O
4-hydroxyphenylethanol	C1=CC(=CC=C1CCO)O
4-methyl-2-oxopentanoate	CC(C)CC(=O)C(=O)O
4-methyl-5-(2-phosphonooxyethyl)thiazole	CC1=C(SC=N1)CCOP(=O)(O)O
4-methylthio-2-oxobutanoate	CSCCC(=O)C(=O)O
4-nitrophenol	C1=CC(=CC=C1[N+](=O)[O-])O
4-nitrophenyl phosphate	C1=CC(=CC=C1[N+](=O)[O-])OP(=O)(O)O
4-phospho-L-aspartate	C(C(C(=O)O)N)C(=O)OP(=O)(O)O
4alpha-methylzymosterol	CC1C2CCC3=C(C2(CCC1O)C)CCC4(C3CCC4C(C)CCC=C(C)C)C
4alpha-methylzymosterol-4-carboxylate	CC(CCC=C(C)C)C1CCC2C1(CCC3=C2CCC4C3(CCC(C4(C)C(=O)O)O)C)C
5(S)-HETE	CCCCCC=CCC=CCC=CC=CC(CCCC(=O)O)O
5(S)-HPETE	CCCCCC=CCC=CCC=CC=CC(CCCC(=O)O)OO
5,10-methenyl-THF	C1C2CN(C=[N+]2C3=C(N1)N=C(NC3=O)N)C4=CC=C(C=C4)C(=O)NC(CCC(=O)O)C(=O)[O-]
5,10-methylenetetrahydrofolate	C1C2CN(CN2C3=C(N1)N=C(NC3=O)N)C4=CC=C(C=C4)C(=O)NC(CCC(=O)O)C(=O)O
5,6,7,8-tetrahydrofolyl-L-glutamic acid	C1C(NC2=C(N1)N=C(NC2=O)N)CNC3=CC=C(C=C3)C(=O)NC(CCC(=O)NC(CCC(=O)O)C(=O)O)C(=O)O
5,6-dihydro-5-fluorouracil	C1C(C(=O)NC(=O)N1)F
5,6-dihydrothymine	CC1CNC(=O)NC1=O
5,6-dihydrouracil	C1CNC(=O)NC1=O
5,7,24(28)-ergostatrienol	CC(C)C(=C)CCC(C)C1CCC2C1(CCC3C2=CC=C4C3(CCC(C4)O)C)C
5-(2-hydroxyethyl)-4-methylthiazole	CC1=C(SC=N1)CCO
5-(methylsulfanyl)-2,3-dioxopentyl phosphate	CSCCC(=O)C(=O)COP(=O)(O)O
5-O-(1-carboxyvinyl)-3-phosphoshikimic acid	C=C(C(=O)O)OC1CC(=CC(C1O)OP(=O)(O)O)C(=O)O
5-S-methyl-5-thioadenosine	
5-[(5-phospho-1-deoxy-D-ribulos-1-ylamino)methylideneamino]-1-(5-phospho-D-ribosyl)imidazole-4-carboxamide	
5-adenylyl sulfate	
5-amino-2-oxopentanoic acid	C(CC(=O)C(=O)O)CN
5-amino-4-imidazolecarboxyamide	C1=NC(=C(N1)C(=O)N)N
5-amino-6-(5-phosphoribitylamino)uracil	C(C(C(C(COP(=O)(O)O)O)O)O)NC1=C(C(=O)NC(=O)N1)N
5-amino-6-(D-ribitylamino)uracil	C(C(C(C(CO)O)O)O)NC1=C(C(=O)NC(=O)N1)N
5-aminolevulinate	C(CC(=O)O)C(=O)CN
5-carboxy-2-pentenoyl-CoA	CC(C)(COP(=O)(O)OP(=O)(O)OCC1C(C(C(O1)N2C=NC3=C(N=CN=C32)N)O)OP(=O)(O)O)C(C(=O)NCCC(=O)NCCSC(=O)C=CCCC(=O)O)O
5-diphospho-1D-myo-inositol pentakisphosphate	C1(C(C(C(C(C1OP(=O)(O)O)OP(=O)(O)O)OP(=O)(O)OP(=O)(O)O)OP(=O)(O)O)OP(=O)(O)O)OP(=O)(O)O
5-fluoromuconolactone	C1=CC(=O)OC1C(C(=O)O)F
5-fluorouridine	C1=C(C(=O)NC(=O)N1C2C(C(C(O2)CO)O)O)F
5-fluorouridine monophosphate	C1=C(C(=O)NC(=O)N1C2C(C(C(O2)COP(=O)(O)O)O)O)F
5-formyltetrahydrofolic acid	C1C(N(C2=C(N1)N=C(NC2=O)N)C=O)CNC3=CC=C(C=C3)C(=O)NC(CCC(=O)O)C(=O)O
5-guanidino-2-oxopentanoate	C(CC(=O)C(=O)[O-])CN=C(N)N
5-hydroxy-2-oxo-4-ureido-2,5-dihydro-1H-imidazole-5-carboxylate	C1(=NC(=O)NC1(C(=O)O)O)NC(=O)N
5-hydroxyisourate	C12=NC(=O)NC1(C(=O)NC(=O)N2)O
5-methyl-3-oxo-4-hexenoyl-CoA	CC(=CC(=O)CC(=O)SCCNC(=O)CCNC(=O)C(C(C)(C)COP(=O)(O)OP(=O)(O)OCC1C(C(C(O1)N2C=NC3=C(N=CN=C32)N)O)OP(=O)(O)O)O)C
5-methyltetrahydrofolate	CN1C(CNC2=C1C(=O)NC(=N2)N)CNC3=CC=C(C=C3)C(=O)NC(CCC(=O)O)C(=O)O
5-methyltetrahydropteroyltri-L-glutamic acid	CN1C(CNC2=C1C(=O)NC(=N2)N)CNC3=CC=C(C=C3)C(=O)NC(CCC(=O)NC(CCC(=O)NC(CCC(=O)O)C(=O)O)C(=O)O)C(=O)O
5-oxoproline	C1CC(=O)NC1C(=O)O
5-phospho-ribosyl-glycineamide	
5-phosphoribosyl-4-(N-succinocarboxamide)-5-aminoimidazole	
5-phosphoribosyl-5-aminoimidazole	C1=C(NC(=N1)C2C(C(C(O2)COP(=O)(O)O)O)O)N
5-phosphoribosyl-ATP	C1=NC2=C(N1C3C(C(C(O3)COP(=O)([O-])OP(=O)([O-])OP(=O)([O-])[O-])O)O)N=CN(C2=N)C4C(C(C(O4)COP(=O)([O-])[O-])O)O
5-phosphoribosyl-N-formylglycineamide	
5-phosphoribosyl-N-formylglycineamidine	
5-phosphoribosylamine	C(C1C(C(C(O1)N)O)O)OP(=O)(O)O
5alpha-androstane-3,17-dione	CC12CCC(=O)CC1CCC3C2CCC4(C3CCC4=O)C
6,7-dimethyl-8-(1-D-ribityl)lumazine	CC1=C(N(C2=NC(=O)NC(=O)C2=N1)CC(C(C(CO)O)O)O)C
6-(alpha-D-glucosaminyl)-O-acyl-1-phosphatidyl-1D-myo-inositol	
6-O-[alpha-D-mannosyl-(1->4)-alpha-D-glucosaminyl]-O-acyl-1-phosphatidyl-1D-myo-inositol	
6-O-phosphono-D-glucono-1,5-lactone	C(C1C(C(C(C(=O)O1)O)O)O)OP(=O)(O)O
6-O-{2-O-[(2-aminoethyl)phosphoryl]-alpha-D-mannosyl-(1->4)-alpha-D-glucosaminyl}-O-acyl-1-phosphatidyl-1D-myo-inositol	
6-O-{alpha-D-mannosyl-(1->2)-alpha-D-mannosyl-(1->6)-2-O-[(2-aminoethyl)phosphoryl]-alpha-D-mannosyl-(1->4)-alpha-D-glucosaminyl}-O-acyl-1-phosphatidyl-1D-myo-inositol	
6-O-{alpha-D-mannosyl-(1->6)-2-O-[(2-aminoethyl)phosphoryl]-alpha-D-mannosyl-(1->4)-alpha-D-glucosaminyl}-O-acyl-1-phosphatidyl-1D-myo-inositol	
6-[6-(2-aminoethylphosphoryl)-alpha-mannosyl-(1->6)-2-(2-aminoethylphosphoryl)-alpha-mannosyl-(1->6)-alpha-2-(2-aminoethylphosphoryl)mannosyl-(1->4)-alpha-glucosaminyl]-O-acyl-1-phosphatidyl-1D-myo-inositol	
6-hydroxyhexanoic acid	C(CCC(=O)O)CCO
6-hydroxymelatonin	CC(=O)NCCC1=CNC2=CC(=C(C=C21)OC)O
6-phospho-D-gluconate	C(C(C(C(C(C(=O)O)O)O)O)O)OP(=O)(O)O
7,8-diaminononanoate	CC(C(CCCCCC(=O)[O-])N)N
7,8-dihydroneopterin	C1C(=NC2=C(N1)N=C(NC2=O)N)C(C(CO)O)O
7,8-dihydroneopterin 3-triphosphate	
7,8-dihydropteroate	C1C(=NC2=C(N1)N=C(NC2=O)N)CNC3=CC=C(C=C3)C(=O)O
7-phospho-2-dehydro-3-deoxy-D-arabino-heptonic acid	C(C(C(C(COP(=O)(O)O)O)O)O)C(=O)C(=O)O
8,11,14-eicosatrienoyl-CoA	CCCCCC=CCC=CCC=CCCCCCCC(=O)SCCNC(=O)CCNC(=O)C(C(C)(C)COP(=O)(O)OP(=O)(O)OCC1C(C(C(O1)N2C=NC3=C(N=CN=C32)N)O)OP(=O)(O)O)O
8-amino-7-oxononanoate	CC(C(=O)CCCCCC(=O)[O-])N
9H-xanthine	C1=NC2=C(N1)C(=O)NC(=O)N2
ACP1	
ADP	C1=NC(=C2C(=N1)N(C=N2)C3C(C(C(O3)COP(=O)(O)OP(=O)(O)O)O)O)N
ADP-ribose	C1=NC(=C2C(=N1)N(C=N2)C3C(C(C(O3)COP(=O)(O)OP(=O)(O)OCC4C(C(C(O4)O)O)O)O)O)N
AICAR	C1=NC(=C(N1C2C(C(C(O2)CO)O)O)N)C(=O)N
AMP	C1=NC(=C2C(=N1)N(C=N2)C3C(C(C(O3)COP(=O)(O)O)O)O)N
ATP	C1=NC(=C2C(=N1)N(C=N2)C3C(C(C(O3)COP(=O)(O)OP(=O)(O)OP(=O)(O)O)O)O)N
Ala-tRNA(Ala)	
Asn-tRNA(Asn)	
Asp-tRNA(Asp)	
CDP	C1=CN(C(=O)N=C1N)C2C(C(C(O2)COP(=O)(O)OP(=O)(O)O)O)O
CDP-choline	C[N+](C)(C)CCOP(=O)([O-])OP(=O)(O)OCC1C(C(C(O1)N2C=CC(=NC2=O)N)O)O
CDP-diacylglycerol	
CDP-ethanolamine	C1=CN(C(=O)N=C1N)C2C(C(C(O2)COP(=O)(O)OP(=O)(O)OCCN)O)O
CMP	C1=CN(C(=O)N=C1N)C2C(C(C(O2)COP(=O)(O)O)O)O
CMP-2-aminoethylphosphonate	C1=CN(C(=O)N=C1N)C2C(C(C(O2)COP(=O)(O)OP(=O)(CCN)O)O)O
CO	[Co]
CTP	C1=CN(C(=O)N=C1N)C2C(C(C(O2)COP(=O)(O)OP(=O)(O)OP(=O)(O)O)O)O
Cys-tRNA(Cys)	
D-4-hydroxy-2-oxoglutarate	C(C(C(=O)O)O)C(=O)C(=O)O
D-alanine	CC(C(=O)O)N
D-arabinono-1,4-lactone	C(C1C(C(C(=O)O1)O)O)O
D-arabinose	
D-arginine	C(CC(C(=O)O)N)CN=C(N)N
D-erythro-1-(imidazol-4-yl)glycerol 3-phosphate	C1=C(NC=N1)C(C(COP(=O)(O)O)O)O
D-erythro-3-methylmalate	CC(C(C(=O)O)O)C(=O)O
D-erythrose 4-phosphate	C(C(C(C=O)O)O)OP(=O)(O)O
D-fructose	C1C(C(C(C(O1)(CO)O)O)O)O
D-fructose 1,6-bisphosphate	
D-fructose 1-phosphate	C(C(C(C(C(=O)COP(=O)(O)O)O)O)O)O
D-fructose 6-phosphate	
D-galactose	C(C1C(C(C(C(O1)O)O)O)O)O
D-galactosyl-N-acetyl-D-galactosaminyl-(N-acetylneuraminyl)-D-galactosyl-D-glucosylceramide	CCCCCCCCCCCCCC=CC(C(COC1C(C(C(C(O1)CO)OC2C(C(C(C(O2)CO)OC3C(C(C(C(O3)CO)O)OC4C(C(C(C(O4)CO)O)O)O)NC(=O)C)OC5(CC(C(C(O5)C(C(CO)O)O)NC(=O)C)O)C(=O)O)O)O)O)NC(=O)C)O
D-galacturonate	C1(C(C(OC(C1O)O)C(=O)O)O)O
D-glucitol	C(C(C(C(C(CO)O)O)O)O)O
D-gluconic acid	C(C(C(C(C(C(=O)O)O)O)O)O)O
D-glucosamine	C(C1C(C(C(C(O1)O)N)O)O)O
D-glucose	C(C1C(C(C(C(O1)O)O)O)O)O
D-glucose 1-phosphate	C(C1C(C(C(C(O1)OP(=O)(O)O)O)O)O)O
D-glucose 6-phosphate	C(C(C(C(C(C=O)O)O)O)O)OP(=O)(O)O
D-glucuronate	C1(C(C(OC(C1O)O)C(=O)O)O)O
D-glyceraldehyde	C(C(C=O)O)O
D-glyceraldehyde 3-phosphate	C(C(C=O)O)OP(=O)(O)O
D-glycerate	C(C(C(=O)[O-])O)O
D-mannitol	C(C(C(C(C(CO)O)O)O)O)O
D-mannose	C(C1C(C(C(C(O1)O)O)O)O)O
D-mannose 1-phosphate	C(C1C(C(C(C(O1)OP(=O)(O)O)O)O)O)O
D-mannose 6-phosphate	C(C1C(C(C(C(O1)O)O)O)O)OP(=O)(O)O
D-myo-inositol 1,3-bisphosphate	C1(C(C(C(C(C1O)OP(=O)(O)O)O)OP(=O)(O)O)O)O
D-ornithine	C(CC(C(=O)O)N)CN
D-proline	C1CC(NC1)C(=O)O
D-ribose	C1C(C(C(C(O1)O)O)O)O
D-ribose 5-phosphate	C(C(C(C(C=O)O)O)O)OP(=O)(O)O
D-ribulose	C(C(C(C(=O)CO)O)O)O
D-ribulose 5-phosphate	C(C(C(C(=O)CO)O)O)OP(=O)(O)O
D-tagatose 1,6-bisphosphate	C(C1C(C(C(O1)(COP(=O)(O)O)O)O)O)OP(=O)(O)O
D-tagatose 6-phosphate	C(C1C(C(C(O1)(CO)O)O)O)OP(=O)(O)O
D-xylose	C1C(C(C(C(O1)O)O)O)O
D-xylulose	C(C(C(C(=O)CO)O)O)O
D-xylulose 5-phosphate	C(C(C(C(=O)CO)O)O)OP(=O)(O)O
DL-glutamate	C(CC(=O)O)C(C(=O)O)N
DNA	
FAD	CC1=CC2=C(C=C1C)N(C3=NC(=O)NC(=O)C3=N2)CC(C(C(COP(=O)(O)OP(=O)(O)OCC4C(C(C(O4)N5C=NC6=C(N=CN=C65)N)O)O)O)O)O
FADH2	CC1=CC2=C(C=C1C)N(C3=C(N2)C(=O)NC(=O)N3)CC(C(C(COP(=O)(O)OP(=O)(O)OCC4C(C(C(O4)N5C=NC6=C(N=CN=C65)N)O)O)O)O)O
FMN	CC1=CC2=C(C=C1C)N(C3=NC(=O)NC(=O)C3=N2)CC(C(C(COP(=O)(O)O)O)O)O
Fe3+	[Fe+3]
G00001	
G00002	
G00003	
G00004	
G00005	
G00006	
G00007	
G00008	
G00009	
G00010	
G00011	
G00012	
G00140	
G00141	
G00143	
G00144	
G00151	
G00171	
G01813	
G10526	COC(=O)C1=C(C2=C(S1)C=C(C=N2)Br)N
G10595	CC1=CC(=C(C=C1Cl)[N+](=O)[O-])Cl
G10596	C1=CN2C(=NC=C2Br)C=C1F
G10597	C1=C(C=C(C2=C1C=NN2)Cl)[N+](=O)[O-]
G10598	COC(=O)C1=CN2C=C(N=C2C=C1)C(F)(F)F
G10599	COC1=CC(=C(C=C1C#N)[N+](=O)[O-])Cl
G10610	COC(=O)C1=C(C2=C(O1)C=CC=C2F)N
G10614	CC(C)(C)OC(=O)N1CCC2=C(C1)C=NN2C3=CC=CC=C3
G10617	CC1=C(C(=NC=C1I)N)C(=O)OC
G10618	COC(=O)C1=CC(=C(C=C1Cl)[N+](=O)[O-])F
G10619	C1=C(C(=CN=C1Br)Br)N.Cl
G10620	COC1=C(C(=NC=C1)N)C(=O)OC
G10622	CC1=C(C=CC(=C1)F)C(=O)OC(C)(C)C
G10694	C1=CC2=C(C=C1C#N)C(=O)C(=CN2)I
G10737	CCOC(=O)C1=CN2C=CC=C(C2=N1)F
G10842	CC1=C(C=C(C=C1)NC(=O)C(F)(F)F)C(=O)OC
G10843	CC1=CC2=C(C=C1)C(=NO2)N
G11055	C1=CC(=C(N=C1C#N)Cl)C(F)(F)F
GDP	C1=NC2=C(N1C3C(C(C(O3)COP(=O)(O)OP(=O)(O)O)O)O)N=C(NC2=O)N
GDP-alpha-D-mannose	C1=NC2=C(N1C3C(C(C(O3)COP(=O)(O)OP(=O)(O)OC4C(C(C(C(O4)CO)O)O)O)O)O)N=C(NC2=O)N
GMP	C1=NC2=C(N1C3C(C(C(O3)COP(=O)(O)O)O)O)N=C(NC2=O)N
GTP	C1=NC2=C(N1C3C(C(C(O3)COP(=O)(O)OP(=O)(O)OP(=O)(O)O)O)O)N=C(NC2=O)N
Gln-tRNA(Gln)	
Glu-tRNA(Glu)	
Gly-tRNA(Gly)	
H+	[H+]
H2O	O
His-tRNA(His)	
IDP	C1=NC2=C(C(=O)N1)N=CN2C3C(C(C(O3)COP(=O)(O)OP(=O)(O)O)O)O
IMP	C1=NC2=C(C(=O)N1)N=CN2C3C(C(C(O3)COP(=O)(O)O)O)O
ITP	C1=NC2=C(C(=O)N1)N=CN2C3C(C(C(O3)COP(=O)(O)OP(=O)(O)OP(=O)(O)O)O)O
Ile-tRNA(Ile)	
L-2-aminoadipate	C(CC(C(=O)O)N)CC(=O)O
L-2-aminoadipate adenylate	C1=NC(=C2C(=N1)N(C=N2)C3C(C(C(O3)COP(=O)(O)OC(=O)CCCC(C(=O)O)N)O)O)N
L-4-hydroxyglutamic semialdehyde	C(C(C=O)O)C(C(=O)O)N
L-alanine	CC(C(=O)O)N
L-allothreonine	CC(C(C(=O)O)N)O
L-allysine	C(CC=O)CC(C(=O)O)N
L-arabinitol	C(C(C(C(CO)O)O)O)O
L-arabinose	C1C(C(C(C(O1)O)O)O)O
L-arginine	C(CC(C(=O)O)N)CN=C(N)N
L-arogenate	C1=CC(C=CC1O)(CC(C(=O)[O-])[NH3+])C(=O)[O-]
L-asparagine	C(C(C(=O)O)N)C(=O)N
L-aspartate	C(C(C(=O)O)N)C(=O)O
L-aspartate 4-semialdehyde	C(C=O)C(C(=O)[O-])[NH3+]
L-citrulline	C(CC(C(=O)O)N)CNC(=O)N
L-cystathionine	C(CSCC(C(=O)O)N)C(C(=O)O)N
L-cysteate	C(C(C(=O)[O-])N)S(=O)(=O)O
L-cysteine	C(C(C(=O)O)N)S
L-cysteinylglycine	C(C(C(=O)NCC(=O)O)N)S
L-cystine	C(C(C(=O)O)N)SSCC(C(=O)O)N
L-fuculose 1-phosphate	CC(C(C(C(=O)COP(=O)(O)O)O)O)O
L-gamma-glutamyl phosphate	C(CC(=O)OP(=O)(O)O)C(C(=O)O)N
L-gamma-glutamyl-L-cysteine	C(CC(=O)NC(CS)C(=O)O)C(C(=O)O)N
L-glucitol	C(C(C(C(C(CO)O)O)O)O)O
L-glutamate	C(CC(=O)O)C(C(=O)O)N
L-glutamic 5-semialdehyde	C(CC(C(=O)O)N)C=O
L-glutamine	C(CC(=O)N)C(C(=O)O)N
L-glutamyl-tRNA(Gln)	
L-glycine	C(C(=O)O)N
L-gulono-1,4-lactone	C(C(C1C(C(C(=O)O1)O)O)O)O
L-histidinal	C1=C(NC=N1)CC(C=O)N
L-histidine	C1=C(NC=N1)CC(C(=O)O)N
L-histidinol	C1=C(NC=N1)CC(CO)N
L-histidinol phosphate	C1=C(NC=N1)CC(COP(=O)(O)O)N
L-homocysteine	C(CS)C(C(=O)O)N
L-homoserine	C(CO)C(C(=O)O)N
L-isoleucine	CCC(C)C(C(=O)O)N
L-kynurenine	C1=CC=C(C(=C1)C(=O)CC(C(=O)O)N)N
L-leucine	CC(C)CC(C(=O)O)N
L-lysine	C(CCN)CC(C(=O)O)N
L-methionine	CSCCC(C(=O)O)N
L-methionine (R)-S-oxide	CS(=O)CCC(C(=O)O)N
L-methionine S-oxide	CS(=O)CCC(C(=O)O)N
L-ornithine	C(CC(C(=O)O)N)CN
L-phenylalanine	C1=CC=C(C=C1)CC(C(=O)O)N
L-proline	C1CC(NC1)C(=O)O
L-saccharopine	C(CCNC(CCC(=O)O)C(=O)O)CC(C(=O)O)N
L-selenocystathionine	C(C[Se]CC(C(=O)O)N)C(C(=O)O)N
L-selenocysteine	C(C(C(=O)O)N)[Se]
L-selenomethionine	C[Se]CCC(C(=O)O)N
L-serine	C(C(C(=O)O)N)O
L-sorbose	C1C(C(C(C(O1)(CO)O)O)O)O
L-threonine	CC(C(C(=O)O)N)O
L-tryptophan	C1=CC=C2C(=C1)C(=CN2)CC(C(=O)O)N
L-tyrosine	C1=CC(=CC=C1CC(C(=O)O)N)O
L-valine	CC(C)C(C(=O)O)N
L-xylo-hexulonolactone	C(C(C1C(C(=O)C(=O)O1)O)O)O
L-xylulose	C(C(C(C(=O)CO)O)O)O
Leu-tRNA(Leu)	
Lys-tRNA(Lys)	
Met-tRNA(Met)	
N(2)-acetyl-L-ornithine	CC(=O)NC(CCCN)C(=O)O
N(pros)-methyl-L-histidine	CN1C=NC=C1CC(C(=O)O)N
N-(4-aminobutylidene)-[eIF5A-precursor]-lysine	
N-(5-phospho-beta-D-ribosyl)anthranilate	C1=CC=C(C(=C1)C(=O)O)NC2C(C(C(O2)COP(=O)(O)O)O)O
N-[(R)-4-phosphonopantothenoyl]-L-cysteine	
N-acetyl-D-galactosaminyl-(N-acetylneuraminyl)-D-galactosyl-D-glucosylceramide	
N-acetyl-D-glucosamine	CC(=O)NC1C(C(C(OC1O)CO)O)O
N-acetyl-D-glucosamine 6-phosphate	CC(=O)NC1C(C(C(OC1O)COP(=O)(O)O)O)O
N-acetyl-L-gamma-glutamyl phosphate	CC(=O)NC(CCC(=O)OP(=O)(O)O)C(=O)O
N-acetyl-L-glutamate	CC(=O)NC(CCC(=O)O)C(=O)O
N-acetyl-alpha-D-glucosamine 1-phosphate	CC(=O)NC1C(C(C(OC1OP(=O)(O)O)CO)O)O
N-acylsphingosine	CCCCCCCCCCCCCCCC(=O)NC(CO)C(C=CCCCCCCCCCCCCC)O
N-carbamoyl-L-aspartate	C(C(C(=O)O)NC(=O)N)C(=O)O
N6,N6,N6-trimethyl-L-lysine	C[N+](C)(C)CCCCC(C(=O)[O-])N
NAD	C1=CC(=C[N+](=C1)C2C(C(C(O2)COP(=O)([O-])OP(=O)(O)OCC3C(C(C(O3)N4C=NC5=C(N=CN=C54)N)O)O)O)O)C(=O)N
NADH	C1C=CN(C=C1C(=O)N)C2C(C(C(O2)COP(=O)(O)OP(=O)(O)OCC3C(C(C(O3)N4C=NC5=C(N=CN=C54)N)O)O)O)O
NADP(+)	C1=CC(=C[N+](=C1)C2C(C(C(O2)COP(=O)([O-])OP(=O)([O-])OCC3C(C(C(O3)N4C=NC5=C(N=CN=C54)N)OP(=O)([O-])[O-])O)O)O)C(=O)N
NADPH	C1C=CN(C=C1C(=O)N)C2C(C(C(O2)COP(=O)(O)OP(=O)(O)OCC3C(C(C(O3)N4C=NC5=C(N=CN=C54)N)OP(=O)(O)O)O)O)O
NMN	C1=CC(=C[N+](=C1)C2C(C(C(O2)COP(=O)(O)[O-])O)O)C(=O)N
O-1-alk-1-enyl-2-acyl-sn-glycero-3-phosphoethanolamine	
O-acetyl-L-homoserine	CC(=O)OCCC(C(=O)O)N
O-acetyl-L-serine	CC(=O)OCC(C(=O)O)N
O-acetylcarnitine	CC(=O)OC(CC(=O)[O-])C[N+](C)(C)C
O-phospho-L-homoserine	C(COP(=O)(O)O)C(C(=O)O)N
O-phosphoethanolamine	C(COP(=O)(O)O)N
O-succinyl-L-homoserine	C(COC(=O)CCC(=O)O)C(C(=O)O)N
P(1),P(4)-bis(5-adenosyl) tetraphosphate	
PRPP	C(C1C(C(C(O1)OP(=O)(O)OP(=O)(O)O)O)O)OP(=O)(O)O
Phe-tRNA(Phe)	
Pro-tRNA(Pro)	
RNA	
S(8)-aminomethyldihydrolipoylprotein	
S-(hydroxymethyl)glutathione	C(CC(=O)NC(CSCO)C(=O)NCC(=O)O)C(C(=O)O)N
S-adenosyl-4-methylthio-2-oxobutanoate	C[S+](CCC(=O)C(=O)O)CC1C(C(C(O1)N2C=NC3=C(N=CN=C32)N)O)O
S-adenosyl-L-homocysteine	C1=NC(=C2C(=N1)N(C=N2)C3C(C(C(O3)CSCCC(C(=O)O)N)O)O)N
S-adenosyl-L-methionine	C[S+](CCC(C(=O)[O-])N)CC1C(C(C(O1)N2C=NC3=C(N=CN=C32)N)O)O
S-adenosylmethioninamine	C[S+](CCCN)CC1C(C(C(O1)N2C=NC3=C(N=CN=C32)N)O)O
S-formylglutathione	C(CC(=O)NC(CSC=O)C(=O)NCC(=O)O)C(C(=O)O)N
S-methyl-5-thio-D-ribulose 1-phosphate	CSCC(C(C(=O)COP(=O)(O)O)O)O
S-methyl-5-thio-alpha-D-ribose 1-phosphate	CSCC1C(C(C(O1)OP(=O)(O)O)O)O
S-sulfo-L-cysteine	C(C(C(=O)O)N)SS(=O)(=O)O
Selenomethionyl-tRNA(Met)	
Ser-tRNA(Ser)	
TDP	
THF	C1CCOC1
TMP	
TRX1	
TRX1 disulphide	
TTP	CC1=CN(C(=O)NC1=O)C2CC(C(O2)COP(=O)(O)OP(=O)(O)OP(=O)(O)O)O
Thr-tRNA(Thr)	
Trp-tRNA(Trp)	
Tyr-tRNA(Tyr)	
UDP	C1=CN(C(=O)NC1=O)C2C(C(C(O2)COP(=O)(O)OP(=O)(O)O)O)O
UDP-D-galactose	C1=CN(C(=O)NC1=O)C2C(C(C(O2)COP(=O)(O)OP(=O)(O)OC3C(C(C(C(O3)CO)O)O)O)O)O
UDP-D-glucose	C1=CN(C(=O)NC1=O)C2C(C(C(O2)COP(=O)(O)OP(=O)(O)OC3C(C(C(C(O3)CO)O)O)O)O)O
UDP-N-acetyl-D-galactosamine	CC(=O)NC1C(C(C(OC1OP(=O)(O)OP(=O)(O)OCC2C(C(C(O2)N3C=CC(=O)NC3=O)O)O)CO)O)O
UDP-N-acetyl-alpha-D-glucosamine	CC(=O)NC1C(C(C(OC1OP(=O)(O)OP(=O)(O)OCC2C(C(C(O2)N3C=CC(=O)NC3=O)O)O)CO)O)O
UMP	C1=CN(C(=O)NC1=O)C2C(C(C(O2)COP(=O)(O)O)O)O
UTP	C1=CN(C(=O)NC1=O)C2C(C(C(O2)COP(=O)(O)OP(=O)(O)OP(=O)(O)O)O)O
Val-tRNA(Val)	
XTP	C1=NC2=C(N1C3C(C(C(O3)COP(=O)(O)OP(=O)(O)OP(=O)(O)O)O)O)NC(=O)NC2=O
[dihydrolipoyllysine-residue acetyltransferase] S-acetyldihydrolipoyllysine	
[dihydrolipoyllysine-residue succinyltransferase] S-glutaryldihydrolipoyllysine	
[dihydrolipoyllysine-residue succinyltransferase] S-succinyldihydrolipoyllysine	
[eIF5A-precursor]-deoxyhypusine	
[eIF5A-precursor]-lysine	
[enzyme]-S-sulfanylcysteine	
[enzyme]-cysteine	
acetaldehyde	CC=O
acetate	CC(=O)[O-]
acetoacetyl-CoA	CC(=O)CC(=O)SCCNC(=O)CCNC(=O)C(C(C)(C)COP(=O)(O)OP(=O)(O)OCC1C(C(C(O1)N2C=NC3=C(N=CN=C32)N)O)OP(=O)(O)O)O
acetoacetyl-[acp]	
acetyl-ACP	
acetyl-CoA	CC(=O)SCCNC(=O)CCNC(=O)C(C(C)(C)COP(=O)(O)OP(=O)(O)OCC1C(C(C(O1)N2C=NC3=C(N=CN=C32)N)O)OP(=O)(O)O)O
acrylamide	C=CC(=O)N
acrylic acid	C=CC(=O)O
acyl-CoA	
acylglycerone phosphate	C(C(=O)COP(=O)(O)O)OC=O
adenine	C1=NC2=NC=NC(=C2N1)N
adenosine	C1=NC(=C2C(=N1)N(C=N2)C3C(C(C(O3)CO)O)O)N
adenosine 3',5'-bismonophosphate	C1=NC(=C2C(=N1)N(C=N2)C3C(C(C(O3)COP(=O)(O)O)OP(=O)(O)O)O)N
adenylo-succinate	C1=NC(=C2C(=N1)N(C=N2)C3C(C(C(O3)COP(=O)([O-])[O-])O)O)NC(CC(=O)[O-])C(=O)[O-]
adipate	C(CCC(=O)[O-])CC(=O)[O-]
adipate semialdehyde	C(CCC(=O)O)CC=O
agmatine	C(CCN=C(N)N)CN
aldophosphamide	C(COP(=O)(N)N(CCCl)CCCl)C=O
all-trans-polyprenyl diphosphate	
allantoate	C(C(=O)[O-])(NC(=O)N)NC(=O)N
allantoin	C1(C(=O)NC(=O)N1)NC(=O)N
alpha,alpha-trehalose 6-phosphate	C(C1C(C(C(C(O1)OC2C(C(C(C(O2)COP(=O)(O)O)O)O)O)O)O)O)O
alpha-D-galactose 1-phosphate	C(C1C(C(C(C(O1)OP(=O)(O)O)O)O)O)O
alpha-D-glucosamine 6-phosphate	C(C1C(C(C(C(O1)O)N)O)O)OP(=O)(O)O
alpha-D-glucose	C(C1C(C(C(C(O1)O)O)O)O)O
alpha-D-glucose 6-phosphate	C(C1C(C(C(C(O1)O)O)O)O)OP(=O)(O)O
alpha-D-ribose 1-phosphate	C(C1C(C(C(O1)OP(=O)(O)O)O)O)O
alpha-aminoadipoyl-S-acyl enzyme	
alpha-fluoro-beta-ureidopropionic acid	C(C(C(=O)O)F)NC(=O)N
aminoacetaldehyde	C(C=O)N
ammonium	[NH4+]
amylose	C(C1C(C(C(C(O1)OC2C(OC(C(C2O)O)OC3C(OC(C(C3O)O)O)CO)CO)O)O)O)O
androstenedione	CC12CCC(=O)C=C1CCC3C2CCC4(C3CCC4=O)C
anthranilate	C1=CC=C(C(=C1)C(=O)O)N
apocytochrome c	
apoprotein	
arachidonate	CCCCCC=CCC=CCC=CCC=CCCCC(=O)O
arachidonyl-CoA	CCCCCC=CCC=CCC=CCC=CCCCC(=O)SCCNC(=O)CCNC(=O)C(C(C)(C)COP(=O)(O)OP(=O)(O)OCC1C(C(C(O1)N2C=NC3=C(N=CN=C32)N)O)OP(=O)(O)O)O
ascorbate	C(C(C1C(=C(C(=O)O1)O)O)O)O
benzamide	C1=CC=C(C=C1)C(=O)N
benzoate	C1=CC=C(C=C1)C(=O)[O-]
benzoylsuccinyl-CoA	CC(C)(COP(=O)(O)OP(=O)(O)OCC1C(C(C(O1)N2C=NC3=C(N=CN=C32)N)O)OP(=O)(O)O)C(C(=O)NCCC(=O)NCCSC(=O)C(CC(=O)O)C(=O)C4=CC=CC=C4)O
beta-D-fructose	C(C1C(C(C(O1)(CO)O)O)O)O
beta-D-fructose 1,6-bisphosphate	C(C1C(C(C(O1)(COP(=O)(O)O)O)O)O)OP(=O)(O)O
beta-D-fructose 2,6-bisphosphate	C(C1C(C(C(O1)(CO)OP(=O)(O)O)O)O)OP(=O)(O)O
beta-D-fructose 6-phosphate	C(C1C(C(C(O1)(CO)O)O)O)OP(=O)(O)O
beta-D-galactosyl-(1->4)-beta-D-glucosyl-(1<->1)-ceramide	
beta-D-glucose	C(C1C(C(C(C(O1)O)O)O)O)O
beta-D-glucose 6-phosphate	C(C1C(C(C(C(O1)O)O)O)O)OP(=O)(O)O
beta-D-glucosyl-(1<->1)-ceramide	
beta-alanine	C(CN)C(=O)O
beta-alanyl-N(pi)-methyl-L-histidine	CN1C=NC=C1CC(C(=O)O)NC(=O)CCN
betaine aldehyde	C[N+](C)(C)CC=O
bicarbonate	C(=O)(O)[O-]
biomass	
biotin	C1C2C(C(S1)CCCCC(=O)O)NC(=O)N2
biotinyl-5-AMP	C1C2C(C(S1)CCCCC(=O)OP(=O)(O)OCC3C(C(C(O3)N4C=NC5=C(N=CN=C54)N)O)O)NC(=O)N2
but-1-ene-1,2,4-tricarboxylic acid	C(CC(=O)O)C(=CC(=O)O)C(=O)O
but-2-enoyl-[acp]	
butanoic acid	CCCC(=O)O
butanoyl-CoA	CCCC(=O)SCCNC(=O)CCNC(=O)C(C(C)(C)COP(=O)(O)OP(=O)(O)OCC1C(C(C(O1)N2C=NC3=C(N=CN=C32)N)O)OP(=O)(O)O)O
butyrate	CCCC(=O)[O-]
butyryl-[acp]	
carbamoyl phosphate	C(=O)(N)OP(=O)(O)O
carbohydrate	
carbon dioxide	C(=O)=O
carboxyacetyl-ACP	
carboxybiotin-carboxyl-carrier protein	
carboxyphosphamide	C(COP(=O)(N)N(CCCl)CCCl)C(=O)O
cardiolipin	CCCCCC=CCC=CCCCCCCCC(=O)OCC(COP(=O)([O-])OCC(COP(=O)([O-])OCC(COC(=O)CCCCCCCC=CCC=CCCCCC)OC(=O)CCCCCCCC=CCC=CCCCCC)O)OC(=O)CCCCCCCC=CCC=CCCCCC.[Na+].[Na+]
cellobiose	C(C1C(C(C(C(O1)OC2C(OC(C(C2O)O)O)CO)O)O)O)O
ceramide 1-phosphate	CCCCCCCCCCCCCCCCCC(=O)NC(COP(=O)(O)O)C(C=CCCCCCCCCCCCCC)O
chitin	
cholesterol	CC(C)CCCC(C)C1CCC2C1(CCC3C2CC=C4C3(CCC(C4)O)C)C
cholesterol ester	
choline	C[N+](C)(C)CCO
choline phosphate	C[N+](C)(C)CCOP(=O)(O)O.[Cl-]
chorismate	C=C(C(=O)O)OC1C=C(C=CC1O)C(=O)O
cis-2,3-dehydroacyl-CoA	
cis-2-methyl-5-isopropylhexa-2,5-dienoyl-CoA	CC(C)C(=C)CC=C(C)C(=O)SCCNC(=O)CCNC(=O)C(C(C)(C)COP(=O)(O)OP(=O)(O)OCC1C(C(C(O1)N2C=NC3=C(N=CN=C32)N)O)OP(=O)(O)O)O
cis-4-carboxymethylenebut-2-en-4-olide	C1=CC(=O)OC1=CC(=O)O
cis-aconitate	C(C(=CC(=O)O)C(=O)O)C(=O)O
citrate	C(C(=O)[O-])C(CC(=O)[O-])(C(=O)[O-])O
coenzyme A	CC(C)(COP(=O)(O)OP(=O)(O)OCC1C(C(C(O1)N2C=NC3=C(N=CN=C32)N)O)OP(=O)(O)O)C(C(=O)NCCC(=O)NCCS)O
coproporphyrinogen III	CC1=C2CC3=C(C(=C(N3)CC4=C(C(=C(N4)CC5=C(C(=C(N5)CC(=C1CCC(=O)O)N2)C)CCC(=O)O)C)CCC(=O)O)CCC(=O)O)C
crotonoyl-CoA	CC=CC(=O)SCCNC(=O)CCNC(=O)C(C(C)(C)COP(=O)(O)OP(=O)(O)OCC1C(C(C(O1)N2C=NC3=C(N=CN=C32)N)O)OP(=O)(O)O)O
cystathionine	C(CSCC(C(=O)O)N)C(C(=O)O)N
cytidine	C1=CN(C(=O)N=C1N)C2C(C(C(O2)CO)O)O
cytochrome c	
cytosine	C1=C(NC(=O)N=C1)N
dADP	C1C(C(OC1N2C=NC3=C(N=CN=C32)N)COP(=O)(O)OP(=O)(O)O)O
dAMP	C1C(C(OC1N2C=NC3=C(N=CN=C32)N)COP(=O)(O)O)O
dATP	C1C(C(OC1N2C=NC3=C(N=CN=C32)N)COP(=O)(O)OP(=O)(O)OP(=O)(O)O)O
dCDP	C1C(C(OC1N2C=CC(=NC2=O)N)COP(=O)(O)OP(=O)(O)O)O
dCMP	C1C(C(OC1N2C=CC(=NC2=O)N)COP(=O)(O)O)O
dCTP	C1C(C(OC1N2C=CC(=NC2=O)N)COP(=O)(O)OP(=O)(O)OP(=O)(O)O)O
dGDP	C1C(C(OC1N2C=NC3=C2N=C(NC3=O)N)COP(=O)(O)OP(=O)(O)O)O
dGMP	C1C(C(OC1N2C=NC3=C2N=C(NC3=O)N)COP(=O)(O)O)O
dGTP	C1C(C(OC1N2C=NC3=C2N=C(NC3=O)N)COP(=O)(O)OP(=O)(O)OP(=O)(O)O)O
dITP	C1C(C(OC1N2C=NC3=C2N=CNC3=O)COP(=O)(O)OP(=O)(O)OP(=O)(O)O)O
dTDP	CC1=CN(C(=O)NC1=O)C2CC(C(O2)COP(=O)(O)OP(=O)(O)O)O
dTMP	CC1=CN(C(=O)NC1=O)C2CC(C(O2)COP(=O)(O)O)O
dTTP	CC1=CN(C(=O)NC1=O)C2CC(C(O2)COP(=O)(O)OP(=O)(O)OP(=O)(O)O)O
dUDP	C1C(C(OC1N2C=CC(=O)NC2=O)COP(=O)(O)OP(=O)(O)O)O
dUMP	C1C(C(OC1N2C=CC(=O)NC2=O)COP(=O)(O)O)O
dUTP	C1C(C(OC1N2C=CC(=O)NC2=O)COP(=O)(O)OP(=O)(O)OP(=O)(O)O)O
deamido-NAD(+)	C1=CC(=C[N+](=C1)C2C(C(C(O2)COP(=O)(O)OP(=O)(O)OCC3C(C(C(O3)N4C=NC5=C(N=CN=C54)N)O)O)O)O)C(=O)O
decanoate	CCCCCCCCCC(=O)[O-]
decanoyl-CoA	CCCCCCCCCC(=O)SCCNC(=O)CCNC(=O)C(C(C)(C)COP(=O)(O)OP(=O)(O)OCC1C(C(C(O1)N2C=NC3=C(N=CN=C32)N)O)OP(=O)(O)O)O
decanoyl-[acp]	
dehydroalanine	C=C(C(=O)O)N
dehydrospermidine	C(CC=NCCCN)CN
deoxycytidine	C1C(C(OC1N2C=CC(=NC2=O)N)CO)O
dethiobiotin	CC1C(NC(=O)N1)CCCCCC(=O)O
di-trans,poly-cis-Undecaprenyl diphosphate	
diacetyl	CC(=O)C(=O)C
diacylglyceryl-2-aminoethylphosphonate	
diacylglyceryl-N,N,N-trimethylhomoserine	
diacylglycerylhomoserine	
diglyceride	C(C1C(=O)OC(C(=O)O1)CO)O
dihydroceramide	CCCCCCCCCCCCCCCC(C(CO)NC=O)O
dihydrofolic acid	C1C(=NC2=C(N1)N=C(NC2=O)N)CNC3=CC=C(C=C3)C(=O)NC(CCC(=O)O)C(=O)O
dihydrolipoylprotein	
dihydrotestosterone	CC12CCC(=O)CC1CCC3C2CCC4(C3CCC4O)C
dihydroxyacetone phosphate	C(C(=O)COP(=O)(O)O)O
diphosphate	[O-]P(=O)([O-])OP(=O)([O-])[O-]
dodecanoyl-[acp]	
dolichol	
dolichyl D-mannosyl phosphate	CC(CCC=C(C)CCC=C(C)CCC=C(C)CCC=C(C)C)CCOP(=O)(O)OC1C(C(C(C(O1)CO)O)O)O
dolichyl beta-D-glucosyl phosphate	CC(CCC=C(C)CCC=C(C)CCC=C(C)CCC=C(C)C)CCOP(=O)(O)OC1C(C(C(C(O1)CO)O)O)O
dolichyl diphosphate	CC(CCC=C(C)CCC=C(C)CCC=C(C)CCC=C(C)C)CCOP(=O)(O)OP(=O)(O)O
dolichyl diphosphooligosaccharide	
dolichyl phosphate	CC(CCC=C(C)CCC=C(C)CCC=C(C)CCC=C(C)C)CCOP(=O)(O)O
eicosanoyl-CoA	CCCCCCCCCCCCCCCCCCCC(=O)SCCNC(=O)CCNC(=O)C(C(C)(C)COP(=O)(O)OP(=O)(O)OCC1C(C(C(O1)N2C=NC3=C(N=CN=C32)N)O)OP(=O)(O)O)O
enoylglutaryl-[acp] methyl ester	
enoylpimeloyl-[acp] methyl ester	
enzyme N6-(dihydrolipoyl)lysine	
enzyme N6-(lipoyl)lysine	
episterol	CC(C)C(=C)CCC(C)C1CCC2C1(CCC3C2=CCC4C3(CCC(C4)O)C)C
ergosta-5,7,22,24(28)-tetraen-3beta-ol	CC(C)C(=C)C=CC(C)C1CCC2C1(CCC3C2=CC=C4C3(CCC(C4)O)C)C
ergosterol	CC(C)C(C)C=CC(C)C1CCC2C1(CCC3C2=CC=C4C3(CCC(C4)O)C)C
ergosterol ester	
erythro-4-hydroxy-L-glutamic acid	C(C(C(=O)O)N)C(C(=O)O)O
estrone	CC12CCC3C(C1CCC2=O)CCC4=C3C=CC(=C4)O
estrone 3-sulfate	CC12CCC3C(C1CCC2=O)CCC4=C3C=CC(=C4)OS(=O)(=O)O
ethanol	CCO
ethanolamine	C(CO)N
ethyl acetate	CCOC(=O)C
fMet-tRNA(fMet)	
farnesyl diphosphate	CC(=CCCC(=CCCC(=CCOP(=O)(O)OP(=O)(O)O)C)C)C
fatty acid	
fecosterol	CC(C)C(=C)CCC(C)C1CCC2C1(CCC3=C2CCC4C3(CCC(C4)O)C)C
ferricytochrome b5	
ferricytochrome c	
ferrocytochrome b5	
ferrocytochrome c	
ferroheme b	CC1=C(C2=CC3=NC(=CC4=C(C(=C([N-]4)C=C5C(=C(C(=N5)C=C1[N-]2)C)C=C)C)C=C)C(=C3CCC(=O)O)C)CCC(=O)O.[Fe]
folate	C1=CC(=CC=C1C(=O)NC(CCC(=O)O)C(=O)O)NCC2=CN=C3C(=N2)C(=O)NC(=N3)N
formaldehyde	C=O
formamidopyrimidine nucleoside triphosphate	C(C1C(C(C(O1)NC2=C(C(=O)NC(=N2)N)NC=O)O)O)OP(=O)(O)OP(=O)(O)OP(=O)(O)O
formate	C(=O)[O-]
fumarate	C(=CC(=O)[O-])C(=O)[O-]
galactosylceramide	
gamma-amino-gamma-cyanobutanoate	C(CC(=O)O)C(C#N)N
gamma-aminobutyrate	C(CC(=O)O)CN
gamma-linolenoyl-CoA	CCCCCC=CCC=CCC=CCCCCC(=O)SCCNC(=O)CCNC(=O)C(C(C)(C)COP(=O)(O)OP(=O)(O)OCC1C(C(C(O1)N2C=NC3=C(N=CN=C32)N)O)OP(=O)(O)O)O
geranyl diphosphate	CC(=CCCC(=CCOP(=O)(O)OP(=O)(O)O)C)C
geranylgeranyl diphosphate	CC(=CCCC(=CCCC(=CCCC(=CCOP(=O)(O)OP(=O)(O)O)C)C)C)C
glutaryl-CoA	CC(C)(COP(=O)(O)OP(=O)(O)OCC1C(C(C(O1)N2C=NC3=C(N=CN=C32)N)O)OP(=O)(O)O)C(C(=O)NCCC(=O)NCCSC(=O)CCCC(=O)O)O
glutathione	C(CC(=O)NC(CS)C(=O)NCC(=O)O)C(C(=O)O)N
glutathione disulfide	C(CC(=O)NC(CSSCC(C(=O)NCC(=O)O)NC(=O)CCC(C(=O)O)N)C(=O)NCC(=O)O)C(C(=O)O)N
glycerol	C(C(CO)O)O
glycerol 3-phosphate	C(C(COP(=O)(O)O)O)O
glycerone	C(C(=O)CO)O
glycolaldehyde	C(C=O)O
glycoprotein with the oligosaccharide chain attached by N-glycosyl linkage to protein L-asparagine	
glyoxylate	C(=O)C(=O)[O-]
guanine	C1=NC2=C(N1)C(=O)NC(=N2)N
guanosine	C1=NC2=C(N1C3C(C(C(O3)CO)O)O)N=C(NC2=O)N
guanosine 3,5-bis(diphosphate)	
guanosine 3-diphosphate 5-triphosphate	
heme a	CC1=C(C2=CC3=NC(=CC4=C(C(=C([N-]4)C=C5C(=C(C(=N5)C=C1[N-]2)C(CCC=C(C)CCC=C(C)CCC=C(C)C)O)C)C=O)CCC(=O)O)C(=C3C)CCC(=O)O)C=C.[Fe]
heme o	CC1=C(C2=CC3=NC(=CC4=C(C(=C([N-]4)C=C5C(=C(C(=N5)C=C1[N-]2)C=C)C)C(CCC=C(C)CCC=C(C)CCC=C(C)C)O)C)C(=C3CCC(=O)O)C)CCC(=O)O.[Fe+2]
hexadec-2-enoyl-CoA	CCCCCCCCCCCCCC=CC(=O)SCCNC(=O)CCNC(=O)C(C(C)(C)COP(=O)(O)OP(=O)(O)OCC1C(C(C(O1)N2C=NC3=C(N=CN=C32)N)O)OP(=O)(O)O)O
hexadecanal	CCCCCCCCCCCCCCCC=O
hexadecanoyl-[acp]	
hexadecenal	CCCCCCCCCCCCCC=CC=O
hexadecenoyl-[acp]	
hexanoyl-CoA	CCCCCC(=O)SCCNC(=O)CCNC(=O)C(C(C)(C)COP(=O)(O)OP(=O)(O)OCC1C(C(C(O1)N2C=NC3=C(N=CN=C32)N)O)OP(=O)(O)O)O
hexanoyl-[acp]	
hexaprenyl diphosphate	CC(=CCCC(=CCCC(=CCCC(=CCCC(=CCCC(=CCOP(=O)(O)OP(=O)(O)O)C)C)C)C)C)C
histamine	C1=C(NC=N1)CCN
holo-Lys2	
holo-[carboxylase]	
homocitrate	C(CC(CC(=O)O)(C(=O)O)O)C(=O)O
homoisocitrate	C(CC(=O)O)C(C(C(=O)O)O)C(=O)O
homovanillate	COC1=C(C=CC(=C1)CC(=O)O)O
hydrofluoric acid	F
hydrogen peroxide	OO
hydrogen selenide	[SeH2]
hydrogen sulfide	S
hydroquinone	C1=CC(=CC=C1O)O
hydroxypyruvate	C(C(=O)C(=O)O)O
hypoxanthine	C1=NC2=C(N1)C(=O)NC=N2
icosanoic acid	CCCCCCCCCCCCCCCCCCCC(=O)O
imidazole-4-acetaldehyde	C1=C(NC=N1)CC=O
indole	C1=CC=C2C(=C1)C=CN2
indole-3-acetate	C1=CC=C2C(=C1)C(=CN2)CC(=O)[O-]
indole-3-pyruvate	C1=CC=C2C(=C1)C(=CN2)CC(=O)C(=O)O
inosine	C1=NC2=C(C(=O)N1)N=CN2C3C(C(C(O3)CO)O)O
inulin	
iron	[Fe]
isoamyl acetate	CC(C)CCOC(=O)C
isoamylol	CC(C)CCO
isobutanol	CC(C)CO
isobutyl acetate	CC(C)COC(=O)C
isobutyraldehyde	CC(C)C=O
isocitrate	C(C(C(C(=O)O)O)C(=O)O)C(=O)O
isopentenyl diphosphate	CC(=C)CCOP(=O)(O)OP(=O)(O)O
keto-phenylpyruvate	C1=CC=C(C=C1)CC(=O)C(=O)[O-]
lactose	C(C1C(C(C(C(O1)OC2C(OC(C(C2O)O)O)CO)O)O)O)O
lanosterol	CC(CCC=C(C)C)C1CCC2(C1(CCC3=C2CCC4C3(CCC(C4(C)C)O)C)C)C
laurate	CCCCCCCCCCCC(=O)[O-]
lauroyl-CoA	CCCCCCCCCCCC(=O)SCCNC(=O)CCNC(=O)C(C(C)(C)COP(=O)(O)OP(=O)(O)OCC1C(C(C(O1)N2C=NC3=C(N=CN=C32)N)O)OP(=O)(O)O)O
leukotriene A4	CCCCCC=CCC=CC=CC=CC1C(O1)CCCC(=O)O
leukotriene B4	CCCCCC=CCC(C=CC=CC=CC(CCCC(=O)O)O)O
linoleate	CCCCCC=CCC=CCCCCCCCC(=O)O
linoleoyl-CoA	CCCCCC=CCC=CCCCCCCCC(=O)SCCNC(=O)CCNC(=O)C(C(C)(C)COP(=O)(O)OP(=O)(O)OCC1C(C(C(O1)N2C=NC3=C(N=CN=C32)N)O)OP(=O)(O)O)O
lipid	
lipoyl-AMP	C1CSSC1CCCCC(=O)OP(=O)(O)OCC2C(C(C(O2)N3C=NC4=C(N=CN=C43)N)O)O
lipoyl-[acp]	
lipoylprotein	
lysophospholipid	
malonyl-CoA	CC(C)(COP(=O)(O)OP(=O)(O)OCC1C(C(C(O1)N2C=NC3=C(N=CN=C32)N)O)OP(=O)(O)O)C(C(=O)NCCC(=O)NCCSC(=O)CC(=O)O)O
maltose	C(C1C(C(C(C(O1)OC2C(OC(C(C2O)O)O)CO)O)O)O)O
mannan	C(C1C(C(C(C(O1)OC2C(OC(C(C2O)O)OC3C(OC(C(C3O)O)OC4C(OC(C(C4O)O)O)CO)CO)CO)O)O)O)O
melatonin	CC(=O)NCCC1=CNC2=C1C=C(C=C2)OC
melibiose	C(C1C(C(C(C(O1)OCC2C(C(C(C(O2)O)O)O)O)O)O)O)O
menaquinol	CC1=C(C2=CC=CC=C2C(=C1CC=C(C)CCC=C(C)C)O)O
menaquinone	
mercaptopyruvate	C(C(=O)C(=O)O)S
methaneselenol	C[Se]
methanethiol	CS
methanol	CO
methylglyoxal	CC(=O)C=O
methylimidazole acetaldehyde	CN1C=C(N=C1)CC=O
methylimidazoleacetic acid	CN1C=C(N=C1)CC(=O)O
methylselenic acid	C[Se](=O)O
monolysocardiolipin	
myo-inositol	C1(C(C(C(C(C1O)O)O)O)O)O
myo-inositol 1,3,4,5,6-pentakisphosphate	C1(C(C(C(C(C1OP(=O)(O)O)OP(=O)(O)O)OP(=O)(O)O)OP(=O)(O)O)OP(=O)(O)O)O
myo-inositol hexakisphosphate	C1(C(C(C(C(C1OP(=O)(O)O)OP(=O)(O)O)OP(=O)(O)O)OP(=O)(O)O)OP(=O)(O)O)OP(=O)(O)O
myristate	CCCCCCCCCCCCCC(=O)O
myristoyl-CoA	CCCCCCCCCCCCCC(=O)SCCNC(=O)CCNC(=O)C(C(C)(C)COP(=O)(O)OP(=O)(O)OCC1C(C(C(O1)N2C=NC3=C(N=CN=C32)N)O)OP(=O)(O)O)O
nicotinamide	C1=CC(=CN=C1)C(=O)N
nicotinamide ribose	C1=CC(=C[N+](=C1)C2C(C(C(O2)CO)O)O)C(=O)N
nicotinate	C1=CC(=CN=C1)C(=O)[O-]
nicotinate D-ribonucleoside	
nicotinic acid D-ribonucleotide	C1=CC(=C[N+](=C1)C2C(C(C(O2)COP(=O)(O)O)O)O)C(=O)O
nitrate	[N+](=O)([O-])[O-]
nitric oxide	[N]=O
nonaprenyl 4-hydroxybenzoate	CC(=CCCC(=CCCC(=CCCC(=CCCC(=CCCC(=CCCC(=CCCC(=CCCC(=CCOC(=O)C1=CC=C(C=C1)O)C)C)C)C)C)C)C)C)C
nonaprenyl diphosphate	CC(=CCCC(=CCCC(=CCCC(=CCCC(=CCCC(=CCCC(=CCCC(=CCCC(=CCOP(=O)(O)OP(=O)(O)O)C)C)C)C)C)C)C)C)C
octadecanoyl-[acp]	
octanoate	CCCCCCCC(=O)[O-]
octanoyl-ACP	
octanoyl-CoA	CCCCCCCC(=O)SCCNC(=O)CCNC(=O)C(C(C)(C)COP(=O)(O)OP(=O)(O)OCC1C(C(C(O1)N2C=NC3=C(N=CN=C32)N)O)OP(=O)(O)O)O
oleate	CCCCCCCCC=CCCCCCCCC(=O)O
oleoyl-CoA	CCCCCCCCC=CCCCCCCCC(=O)SCCNC(=O)CCNC(=O)C(C(C)(C)COP(=O)(O)OP(=O)(O)OCC1C(C(C(O1)N2C=NC3=C(N=CN=C32)N)O)OP(=O)(O)O)O
oleoyl-[acp]	
orotate	C1=C(NC(=O)NC1=O)C(=O)[O-]
orotidine 5-(dihydrogen phosphate)	
oxaloacetate	C(C(=O)C(=O)O)C(=O)O
oxalosuccinate	C(C(C(=O)C(=O)O)C(=O)O)C(=O)O
oxidized flavoprotein	
oxygen	O=O
palmitate	CCCCCCCCCCCCCCCC(=O)O
palmitoleate	CCCCCCC=CCCCCCCCC(=O)[O-]
palmitoyl-CoA	CCCCCCCCCCCCCCCC(=O)SCCNC(=O)CCNC(=O)C(C(C)(C)COP(=O)(O)OP(=O)(O)OCC1C(C(C(O1)N2C=NC3=C(N=CN=C32)N)O)OP(=O)(O)O)O
pantetheine 4-phosphate	
paraoxon	CCOP(=O)(OCC)OC1=CC=C(C=C1)[N+](=O)[O-]
parathion	CCOP(=S)(OCC)OC1=CC=C(C=C1)[N+](=O)[O-]
pectin	
peptide 2-[3-carboxy-3-(dimethylammonio)propyl]-L-histidine	
phenethyl acetate	CC(=O)OCCC1=CC=CC=C1
phenylacetaldehyde	C1=CC=C(C=C1)CC=O
phenylacetic acid	C1=CC=C(C=C1)CC(=O)O
phosphate	[O-]P(=O)([O-])[O-]
phosphatidate	
phosphatidyl-L-serine	
phosphatidyl-N-dimethylethanolamine	CN(C)CCO
phosphatidyl-N-methylethanolamine	
phosphatidylcholine	
phosphatidylethanolamine	CC(=O)OCC(COP(=O)(O)OCCN)OC(=O)C
phosphatidylglycerol	CCC.CCO.C(C(COP(=O)(O)O)O)O
phosphatidylglycerophosphate	
phosphatidylinositol-3,4,5-trisphosphate	CC(=O)OC(COP(=O)(O)OC1C(C(C(C(C1O)OP(=O)(O)O)OP(=O)(O)O)OP(=O)(O)O)O)OC(=O)C
phosphoenolpyruvate	C=C(C(=O)O)OP(=O)(O)O
phospholipid	
phosphoribosyl-carboxy-aminoimidazole	C1=NC(=C(N1C2C(C(C(O2)COP(=O)([O-])[O-])O)O)N)C(=O)[O-]
phosphoribosyl-formamido-carboxamide	
phylloquinol	CC1=C(C2=CC=CC=C2C(=C1CC=C(C)CCCC(C)CCCC(C)CCCC(C)C)O)O
phylloquinone	CC1=C(C(=O)C2=CC=CC=C2C1=O)CC=C(C)CCCC(C)CCCC(C)CCCC(C)C
phytoceramide	
phytosphingosine	CCCCCCCCCCCCCCC(C(C(CO)N)O)O
polysulphur	
porphobilinogen	C1=C(C(=C(N1)CN)CC(=O)O)CCC(=O)O
potassium	[K]
precorrin-2	CC1(C(C2=CC3=NC(=CC4=C(C(=C(N4)CC5=C(C(=C(N5)C=C1N2)CC(=O)O)CCC(=O)O)CCC(=O)O)CC(=O)O)C(C3(C)CC(=O)O)CCC(=O)O)CCC(=O)O)CC(=O)O
prenyl diphosphate	CC(=CCOP(=O)(O)OP(=O)(O)O)C
prephenate	C1=CC(C=CC1O)(CC(=O)C(=O)O)C(=O)O
presqualene diphosphate	CC(=CCCC(=CCCC(=CC1C(C1(C)CCC=C(C)CCC=C(C)C)COP(=O)(O)OP(=O)(O)O)C)C)C
preuroporphyrinogen	C1=C(C(=C(N1)CC2=C(C(=C(N2)CC3=C(C(=C(N3)CC4=C(C(=C(N4)CO)CC(=O)O)CCC(=O)O)CC(=O)O)CCC(=O)O)CC(=O)O)CCC(=O)O)CC(=O)O)CCC(=O)O
propanoate	CCC(=O)[O-]
propenoyl-CoA	CC(C)(COP(=O)(O)OP(=O)(O)OCC1C(C(C(O1)N2C=NC3=C(N=CN=C32)N)O)OP(=O)(O)O)C(C(=O)NCCC(=O)NCCSC(=O)C=C)O
propionyl-CoA	CCC(=O)SCCNC(=O)CCNC(=O)C(C(C)(C)COP(=O)(O)OP(=O)(O)OCC1C(C(C(O1)N2C=NC3=C(N=CN=C32)N)O)OP(=O)(O)O)O
propionyladenylate	CCC(=O)OP(=O)(O)OCC1C(C(C(O1)N2C=NC3=C(N=CN=C32)N)O)O
prostaglandin E2	CCCCCC(C=CC1C(CC(=O)C1CC=CCCCC(=O)O)O)O
prostaglandin F2alpha	CCCCCC(C=CC1C(CC(C1CC=CCCCC(=O)O)O)O)O
protein	
protein N6,N6,N6-trimethyl-L-lysine	
protein N6,N6-dimethyl-L-lysine	
protein N6-(lipoyl)lysine	
protein N6-(octanoyl)lysine	
protein N6-methyl-L-lysine	
protein asparagine	
protein lysine	
protoporphyrin	CC1=C(C2=CC3=NC(=CC4=NC(=CC5=C(C(=C(N5)C=C1N2)C=C)C)C(=C4CCC(=O)O)C)C(=C3C)CCC(=O)O)C=C
protoporphyrinogen	CC1=C2CC3=C(C(=C(N3)CC4=C(C(=C(N4)CC5=C(C(=C(N5)CC(=C1CCC(=O)O)N2)CCC(=O)O)C)C=C)C)C=C)C
pseudouridine 5-phosphate	
putrescine	C(CCN)CN
pyridoxal	CC1=NC=C(C(=C1O)C=O)CO
pyridoxal 5-phosphate	CC1=NC=C(C(=C1O)C=O)COP(=O)(O)O
pyridoxamine	CC1=NC=C(C(=C1O)CN)CO
pyridoxamine 5-phosphate	CC1=NC=C(C(=C1O)CN)COP(=O)(O)O
pyridoxine	CC1=NC=C(C(=C1O)CO)CO
pyridoxine 5-phosphate	CC1=NC=C(C(=C1O)CO)COP(=O)(O)O
pyruvate	CC(=O)C(=O)[O-]
quinone	C1=CC(=O)C=CC1=O
raffinose	C(C1C(C(C(C(O1)OCC2C(C(C(C(O2)OC3(C(C(C(O3)CO)O)O)CO)O)O)O)O)O)O)O
reduced flavoprotein	
retinal	CC1=C(C(CCC1)(C)C)C=CC(=CC=CC(=CC=O)C)C
retinol	CC1=C(C(CCC1)(C)C)C=CC(=CC=CC(=CCO)C)C
ribitol	C(C(C(C(CO)O)O)O)O
riboflavin	CC1=CC2=C(C=C1C)N(C3=NC(=O)NC(=O)C3=N2)CC(C(C(CO)O)O)O
sedoheptulose 1,7-bisphosphate	C(C(C(C(C(C(=O)COP(=O)(O)O)O)O)O)O)OP(=O)(O)O
sedoheptulose 7-phosphate	C(C(C(C(C(C(=O)CO)O)O)O)O)OP(=O)(O)O
selenite	[O-][Se](=O)[O-]
selenohomocysteine	
shikimate	C1C(C(C(C=C1C(=O)O)O)O)O
siroheme	CC1(C(C2=NC1=CC3=NC(=CC4=C(C(=C([N-]4)C=C5C(=C(C(=C2)[N-]5)CC(=O)O)CCC(=O)O)CCC(=O)O)CC(=O)O)C(C3CCC(=O)O)(C)CC(=O)O)CCC(=O)O)CC(=O)O.[Fe]
sirohydrochlorin	CC1(C(C2=NC1=CC3=NC(=CC4=C(C(=C(N4)C=C5C(=C(C(=C2)N5)CC(=O)O)CCC(=O)O)CCC(=O)O)CC(=O)O)C(C3CCC(=O)O)(C)CC(=O)O)CCC(=O)O)CC(=O)O
sn-glycero-3-phosphocholine	C[N+](C)(C)CCOP(=O)([O-])OCC(CO)O
sn-glycero-3-phosphoethanolamine	C(COP(=O)(O)OCC(CO)O)N
sodium	[Na]
spermidine	C(CCNCCCN)CN
spermine	C(CCNCCCN)CNCCCN
sphinganine	CCCCCCCCCCCCCCCC(C(CO)N)O
sphinganine 1-phosphate	CCCCCCCCCCCCCCCC(C(COP(=O)(O)O)N)O
sphingosine	CCCCCCCCCCCCCC=CC(C(CO)N)O
sphingosine 1-phosphate	CCCCCCCCCCCCCC=CC(C(COP(=O)(O)O)N)O
squalene	CC(=CCCC(=CCCC(=CCCC=C(C)CCC=C(C)CCC=C(C)C)C)C)C
starch	
stearate	CCCCCCCCCCCCCCCCCC(=O)[O-]
stearoyl-CoA	CCCCCCCCCCCCCCCCCC(=O)SCCNC(=O)CCNC(=O)C(C(C)(C)COP(=O)(O)OP(=O)(O)OCC1C(C(C(O1)N2C=NC3=C(N=CN=C32)N)O)OP(=O)(O)O)O
sterol	C1CC2CCC3C4CCC(CC4CCC3C2C1)O
steryl ester	
succinate	C(CC(=O)[O-])C(=O)[O-]
succinic semialdehyde	C(CC(=O)O)C=O
succinyl-CoA	CC(C)(COP(=O)(O)OP(=O)(O)OCC1C(C(C(O1)N2C=NC3=C(N=CN=C32)N)O)OP(=O)(O)O)C(C(=O)NCCC(=O)NCCSC(=O)CCC(=O)O)O
sucrose	C(C1C(C(C(C(O1)OC2(C(C(C(O2)CO)O)O)CO)O)O)O)O
sulfatide	
sulphate	[O-]S(=O)(=O)[O-]
sulphite	[O-]S(=O)[O-]
tRNA	
tRNA containing 6-isopentenyladenosine	
tRNA precursor	
tRNA with a 3 CC end	
tRNA with a 3 CCA end	
tRNA with a 3 cytidine	
tRNA(Ala), cytoplasmic	
tRNA(Asn), cytoplasmic	
tRNA(Asp), cytoplasmic	
tRNA(Cys), cytoplasmic	
tRNA(Cys), mitochondrial	
tRNA(Gln), cytoplasmic	
tRNA(Glu), mitochondrial	
tRNA(Gly), cytoplasmic	
tRNA(His), cytoplasmic	
tRNA(His), mitochondrial	
tRNA(Ile), cytoplasmic	
tRNA(Leu), cytoplasmic	
tRNA(Lys), cytoplasmic	
tRNA(Met), cytoplasmic	
tRNA(Phe), cytoplasmic	
tRNA(Pro), cytoplasmic	
tRNA(Ser), cytoplasmic	
tRNA(Thr), cytoplasmic	
tRNA(Trp), cytoplasmic	
tRNA(Tyr), cytoplasmic	
tRNA(Val), cytoplasmic	
tRNA(Val), mitochondrial	
tamoxifen	CCC(=C(C1=CC=CC=C1)C2=CC=C(C=C2)OCCN(C)C)C3=CC=CC=C3
tamoxifen N-oxide	CCC(=C(C1=CC=CC=C1)C2=CC=C(C=C2)OCC[N+](C)(C)[O-])C3=CC=CC=C3
taurine	C(CS(=O)(=O)O)N
testosterone	CC12CCC3C(C1CCC2O)CCC4=CC(=O)CCC34C
tetradecanoyl-[acp]	
tetrahydrofolyl-[Glu](n)	C1C(NC2=C(N1)N=C(NC2=O)N)CNC3=CC=C(C=C3)C(=O)NC(CCC(=O)NC(CCC(=O)NC(CCC(=O)O)C(=O)O)C(=O)O)C(=O)O
tetrahydropteroyltri-L-glutamic acid	C1C(NC2=C(N1)N=C(NC2=O)N)CNC3=CC=C(C=C3)C(=O)NC(CCC(=O)NC(CCC(=O)NC(CCC(=O)O)C(=O)O)C(=O)O)C(=O)O
thiamine	CC1=C(SC=[N+]1CC2=CN=C(N=C2N)C)CCO
thiocysteine	C(C(C(=O)O)N)SS
thiosulfate	[O-]S(=O)(=S)[O-]
thymidine	CC1=CN(C(=O)NC1=O)C2CC(C(O2)CO)O
trans-2-enoyl-OPC4-CoA	CCC=CCC1C(CCC1=O)CC=CC(=O)SCCNC(=O)CCNC(=O)C(C(C)(C)COP(=O)(O)OP(=O)(O)OCC2C(C(C(O2)N3C=NC4=C(N=CN=C43)N)O)OP(=O)(O)O)O
trans-2-enoyl-OPC6-CoA	CCC=CCC1C(CCC1=O)CCCC=CC(=O)SCCNC(=O)CCNC(=O)C(C(C)(C)COP(=O)(O)OP(=O)(O)OCC2C(C(C(O2)N3C=NC4=C(N=CN=C43)N)O)OP(=O)(O)O)O
trans-2-enoyl-OPC8-CoA	CCC=CCC1C(CCC1=O)CCCCCC=CC(=O)SCCNC(=O)CCNC(=O)C(C(C)(C)COP(=O)(O)OP(=O)(O)OCC2C(C(C(O2)N3C=NC4=C(N=CN=C43)N)O)OP(=O)(O)O)O
trans-2-methyl-5-isopropylhexa-2,5-dienoyl-CoA	CC(C)C(=C)CC=C(C)C(=O)SCCNC(=O)CCNC(=O)C(C(C)(C)COP(=O)(O)OP(=O)(O)OCC1C(C(C(O1)N2C=NC3=C(N=CN=C32)N)O)OP(=O)(O)O)O
trans-4-carboxymethylenebut-2-en-4-olide	C1=CC(=O)OC1=CC(=O)O
trans-dec-2-enoyl-CoA	CCCCCCCC=CC(=O)SCCNC(=O)CCNC(=O)C(C(C)(C)COP(=O)(O)OP(=O)(O)OCC1C(C(C(O1)N2C=NC3=C(N=CN=C32)N)O)OP(=O)(O)O)O
trans-dec-2-enoyl-[acp]	
trans-dodec-2-enoyl-CoA	CCCCCCCCCC=CC(=O)SCCNC(=O)CCNC(=O)C(C(C)(C)COP(=O)(O)OP(=O)(O)OCC1C(C(C(O1)N2C=NC3=C(N=CN=C32)N)O)OP(=O)(O)O)O
trans-dodec-2-enoyl-[acp]	
trans-hex-2-enoyl-CoA	CCCC=CC(=O)SCCNC(=O)CCNC(=O)C(C(C)(C)COP(=O)(O)OP(=O)(O)OCC1C(C(C(O1)N2C=NC3=C(N=CN=C32)N)O)OP(=O)(O)O)O
trans-hex-2-enoyl-[acp]	
trans-hexadec-2-enoyl-[acp]	
trans-oct-2-enoyl-CoA	CCCCCC=CC(=O)SCCNC(=O)CCNC(=O)C(C(C)(C)COP(=O)(O)OP(=O)(O)OCC1C(C(C(O1)N2C=NC3=C(N=CN=C32)N)O)OP(=O)(O)O)O
trans-oct-2-enoyl-[acp]	
trans-octadec-2-enoyl-CoA	CCCCCCCCCCCCCCCC=CC(=O)SCCNC(=O)CCNC(=O)C(C(C)(C)COP(=O)(O)OP(=O)(O)OCC1C(C(C(O1)N2C=NC3=C(N=CN=C32)N)O)OP(=O)(O)O)O
trans-tetradec-2-enoyl-CoA	CCCCCCCCCCCC=CC(=O)SCCNC(=O)CCNC(=O)C(C(C)(C)COP(=O)(O)OP(=O)(O)OCC1C(C(C(O1)N2C=NC3=C(N=CN=C32)N)O)OP(=O)(O)O)O
trans-tetradec-2-enoyl-[acp]	
trehalose	C(C1C(C(C(C(O1)OC2C(C(C(C(O2)CO)O)O)O)O)O)O)O
triglyceride	C(C(COC=O)OC=O)OC=O
trimethylamine	CN(C)C
trimethylamine N-oxide	C[N+](C)(C)[O-]
trimethylenediamine	C(CN)CN
ubiquinol-6	CC1=C(C(=C(C(=C1O)OC)OC)O)CC=C(C)CCC=C(C)CCC=C(C)CCC=C(C)CCC=C(C)CCC=C(C)C
ubiquinone-6	CC1=C(C(=O)C(=C(C1=O)OC)OC)CC=C(C)CCC=C(C)CCC=C(C)CCC=C(C)CCC=C(C)CCC=C(C)C
uracil	C1=CNC(=O)NC1=O
urate	C12=C(NC(=O)N1)NC(=O)NC2=O
urea	C(=O)(N)N
urea-1-carboxylic acid	C(=O)(N)NC(=O)O
uridine	C1=CN(C(=O)NC1=O)C2C(C(C(O2)CO)O)O
uroporphyrin III	C1=C2C(=C(C(=CC3=NC(=CC4=NC(=CC5=C(C(=C1N5)CCC(=O)O)CC(=O)O)C(=C4CCC(=O)O)CC(=O)O)C(=C3CCC(=O)O)CC(=O)O)N2)CC(=O)O)CCC(=O)O
uroporphyrinogen III	C1C2=C(C(=C(N2)CC3=C(C(=C(N3)CC4=C(C(=C(N4)CC5=C(C(=C1N5)CCC(=O)O)CC(=O)O)CC(=O)O)CCC(=O)O)CC(=O)O)CCC(=O)O)CC(=O)O)CCC(=O)O
vitamin D2	CC(C)C(C)C=CC(C)C1CCC2C1(CCCC2=CC=C3CC(CCC3=C)O)C
vitamin D3	CC(C)CCCC(C)C1CCC2C1(CCCC2=CC=C3CC(CCC3=C)O)C
xanthosine	C1=NC2=C(N1C3C(C(C(O3)CO)O)O)NC(=O)NC2=O
xanthosine-5-phosphate	C1=NC2=C(N1C3C(C(C(O3)COP(=O)(O)O)O)O)NC(=O)NC2=O
xylitol	C(C(C(C(CO)O)O)O)O
zymosterol	CC(CCC=C(C)C)C1CCC2C1(CCC3=C2CCC4C3(CCC(C4)O)C)C
	
